customer_id,country,city,join_date,monthly_revenue,swap_freq_monthly,last_swap_days_ago,tenure_months,segment,churned,churn_probability
C00001,Kenya,Nairobi,2023-05-13,53.05,14,3,34.6,delivery,0,0.018
C00002,Kenya,Mombasa,2024-07-10,26.73,13,3,20.5,logistics,0,0.0607
C00003,Kenya,Nakuru,2025-03-22,30.14,6,43,12.0,logistics,0,0.283
C00004,Kenya,Kisumu,2024-12-21,48.72,27,5,15.0,logistics,0,0.0636
C00005,Nigeria,Lagos,2023-08-31,27.28,24,26,31.0,delivery,1,0.1077
C00006,Kenya,Nairobi,2025-02-22,73.26,33,11,12.9,commuter,0,0.0453
C00007,Rwanda,Butare,2025-10-30,18.34,18,19,4.6,delivery,0,0.1177
C00008,Nigeria,Port Harcourt,2025-04-05,69.7,11,8,11.5,logistics,0,0.0
C00009,Nigeria,Lagos,2026-02-27,40.89,23,10,0.6,casual,0,0.1302
C00010,Nigeria,Abuja,2023-12-24,21.03,6,8,27.1,delivery,0,0.0655
C00011,Nigeria,Kano,2025-01-07,19.64,17,2,14.5,logistics,0,0.0
C00012,Kenya,Mombasa,2024-04-27,73.6,19,15,23.0,commuter,0,0.0935
C00013,Nigeria,Abuja,2025-06-22,41.5,11,3,8.9,commuter,0,0.0507
C00014,Rwanda,Kigali,2023-07-26,51.0,26,0,32.2,commuter,0,0.0879
C00015,Nigeria,Lagos,2023-12-26,13.84,21,12,27.1,casual,0,0.0
C00016,Nigeria,Port Harcourt,2023-12-12,5.0,22,2,27.5,casual,0,0.0
C00017,Nigeria,Abuja,2025-04-17,52.76,13,33,11.1,casual,0,0.2226
C00018,Kenya,Kisumu,2026-02-15,24.59,19,36,1.0,commuter,0,0.2922
C00019,Kenya,Mombasa,2023-05-06,37.31,21,29,34.9,casual,0,0.128
C00020,Nigeria,Abuja,2024-09-18,63.16,21,5,18.2,commuter,0,0.0
C00021,Uganda,Jinja,2024-08-02,43.57,19,0,19.7,casual,0,0.0
C00022,Nigeria,Abuja,2025-10-01,69.17,12,31,5.6,casual,0,0.2233
C00023,Kenya,Nakuru,2024-07-23,39.43,5,6,20.1,casual,0,0.2139
C00024,Nigeria,Lagos,2025-10-26,20.5,24,40,4.7,delivery,0,0.2795
C00025,Kenya,Nakuru,2026-03-08,35.74,25,39,0.3,casual,0,0.2058
C00026,Kenya,Nairobi,2023-07-30,76.58,7,23,32.0,logistics,1,0.1414
C00027,Kenya,Nairobi,2025-10-21,50.1,8,4,4.9,commuter,0,0.1041
C00028,Nigeria,Abuja,2025-08-10,5.0,25,5,7.3,delivery,0,0.1231
C00029,Nigeria,Kano,2023-12-21,46.16,14,22,27.2,delivery,0,0.0462
C00030,Uganda,Kampala,2023-05-19,26.35,4,4,34.4,casual,0,0.0
C00031,Kenya,Mombasa,2025-05-28,69.49,23,2,9.8,commuter,0,0.0334
C00032,Rwanda,Gisenyi,2024-09-21,39.02,19,9,18.1,logistics,0,0.0196
C00033,Kenya,Kisumu,2024-04-09,63.73,19,33,23.6,casual,0,0.1163
C00034,Rwanda,Butare,2024-01-05,46.18,22,14,26.7,casual,0,0.1174
C00035,Nigeria,Kano,2025-10-27,39.07,23,10,4.7,casual,0,0.1407
C00036,Nigeria,Port Harcourt,2023-07-24,39.19,14,1,32.2,casual,0,0.0421
C00037,Kenya,Kisumu,2025-12-08,25.06,30,11,3.3,delivery,1,0.0966
C00038,Kenya,Nakuru,2025-04-16,31.2,6,55,11.2,casual,0,0.3572
C00039,Nigeria,Lagos,2025-10-26,55.62,21,1,4.7,casual,0,0.0447
C00040,Nigeria,Kano,2023-06-16,30.63,8,8,33.5,casual,0,0.0787
C00041,Kenya,Kisumu,2026-02-23,48.51,29,25,0.7,delivery,0,0.1533
C00042,Kenya,Nakuru,2024-02-04,72.19,16,16,25.7,logistics,0,0.1479
C00043,Uganda,Kampala,2025-02-26,40.12,24,14,12.8,commuter,0,0.0751
C00044,Uganda,Jinja,2024-07-05,71.73,14,14,20.7,casual,0,0.2052
C00045,Kenya,Nairobi,2023-06-29,26.89,14,5,33.1,casual,0,0.0
C00046,Kenya,Nairobi,2025-12-06,49.2,16,4,3.4,commuter,0,0.0956
C00047,Kenya,Kisumu,2024-10-26,56.69,21,19,16.9,delivery,0,0.0678
C00048,Rwanda,Butare,2025-02-07,38.34,11,19,13.4,casual,0,0.1576
C00049,Kenya,Nairobi,2026-02-02,22.19,11,24,1.4,commuter,1,0.2316
C00050,Kenya,Mombasa,2025-11-19,41.03,14,29,3.9,casual,0,0.2014
C00051,Kenya,Mombasa,2025-03-26,41.52,24,8,11.9,logistics,0,0.0852
C00052,Rwanda,Gisenyi,2024-08-06,39.66,7,8,19.6,commuter,0,0.0373
C00053,Nigeria,Abuja,2023-11-02,73.27,11,19,28.9,logistics,0,0.1253
C00054,Nigeria,Port Harcourt,2025-02-20,49.7,14,12,13.0,casual,0,0.0287
C00055,Nigeria,Lagos,2024-06-22,67.52,11,14,21.1,commuter,0,0.0856
C00056,Uganda,Jinja,2023-05-15,42.5,22,19,34.6,delivery,0,0.0073
C00057,Nigeria,Port Harcourt,2024-03-10,54.84,16,26,24.6,commuter,0,0.0743
C00058,Nigeria,Port Harcourt,2024-03-27,31.95,13,4,24.0,logistics,0,0.0964
C00059,Nigeria,Port Harcourt,2023-04-23,34.68,34,5,35.3,logistics,0,0.0129
C00060,Kenya,Nairobi,2024-11-21,24.04,25,1,16.0,commuter,0,0.0164
C00061,Nigeria,Port Harcourt,2024-03-28,35.08,20,10,24.0,commuter,0,0.0
C00062,Kenya,Mombasa,2023-11-18,68.09,25,0,28.3,commuter,0,0.0
C00063,Kenya,Mombasa,2024-11-03,41.12,12,7,16.6,commuter,0,0.1206
C00064,Nigeria,Lagos,2024-08-26,46.58,16,9,18.9,logistics,0,0.0428
C00065,Nigeria,Kano,2025-03-22,27.18,22,4,12.0,delivery,0,0.0
C00066,Uganda,Jinja,2025-07-31,48.45,18,10,7.6,casual,1,0.0728
C00067,Kenya,Kisumu,2024-07-07,51.3,13,0,20.6,casual,0,0.0014
C00068,Uganda,Entebbe,2024-04-17,67.83,12,0,23.3,casual,0,0.005
C00069,Nigeria,Kano,2024-09-19,79.55,4,20,18.1,casual,0,0.1831
C00070,Kenya,Nakuru,2024-12-04,62.64,14,5,15.6,delivery,0,0.0
C00071,Nigeria,Lagos,2025-06-05,77.75,31,1,9.5,commuter,0,0.0298
C00072,Nigeria,Port Harcourt,2024-02-24,52.2,22,8,25.1,delivery,0,0.0404
C00073,Kenya,Kisumu,2025-04-14,30.4,27,17,11.2,casual,0,0.0606
C00074,Uganda,Jinja,2025-07-24,16.57,16,2,7.9,commuter,0,0.0
C00075,Nigeria,Abuja,2024-07-04,17.46,6,11,20.7,commuter,0,0.1875
C00076,Rwanda,Gisenyi,2024-05-30,44.52,23,1,21.9,commuter,0,0.0
C00077,Kenya,Nairobi,2025-10-10,40.3,25,0,5.3,delivery,0,0.0883
C00078,Kenya,Nairobi,2023-08-12,62.55,13,9,31.6,casual,0,0.0046
C00079,Uganda,Kampala,2025-07-20,47.87,28,9,8.0,casual,0,0.0148
C00080,Uganda,Jinja,2024-09-18,51.71,15,12,18.2,logistics,0,0.0789
C00081,Nigeria,Port Harcourt,2024-12-10,37.72,11,15,15.4,commuter,0,0.0538
C00082,Kenya,Kisumu,2024-11-21,110.46,0,44,16.0,casual,1,0.5544
C00083,Kenya,Nairobi,2024-11-23,70.19,12,8,16.0,delivery,0,0.1301
C00084,Nigeria,Kano,2025-01-09,11.27,19,4,14.4,delivery,0,0.0819
C00085,Nigeria,Lagos,2025-10-16,37.98,25,19,5.1,logistics,0,0.0751
C00086,Kenya,Nakuru,2023-09-03,30.99,20,3,30.9,logistics,0,0.0221
C00087,Nigeria,Kano,2023-10-15,51.72,13,6,29.5,logistics,0,0.0527
C00088,Rwanda,Butare,2024-09-04,26.59,22,0,18.6,casual,0,0.0093
C00089,Uganda,Jinja,2024-04-16,23.83,27,0,23.3,logistics,0,0.0612
C00090,Nigeria,Kano,2024-05-30,46.95,22,39,21.9,logistics,1,0.2246
C00091,Uganda,Kampala,2023-10-30,29.67,10,21,29.0,commuter,0,0.0351
C00092,Kenya,Nairobi,2024-02-14,51.23,15,14,25.4,delivery,1,0.1293
C00093,Kenya,Kisumu,2026-01-08,30.78,8,6,2.3,delivery,0,0.1673
C00094,Uganda,Jinja,2024-10-17,38.75,25,2,17.2,logistics,0,0.0614
C00095,Kenya,Kisumu,2023-12-27,48.99,25,2,27.0,logistics,0,0.0044
C00096,Nigeria,Kano,2023-07-23,62.02,23,3,32.3,casual,0,0.007
C00097,Kenya,Mombasa,2024-01-25,29.73,11,9,26.1,delivery,0,0.143
C00098,Rwanda,Kigali,2024-12-11,49.23,29,15,15.4,delivery,0,0.1312
C00099,Rwanda,Kigali,2025-11-22,40.18,21,12,3.8,delivery,0,0.1206
C00100,Uganda,Jinja,2024-07-27,44.21,18,3,19.9,commuter,0,0.0616
C00101,Kenya,Kisumu,2023-11-29,48.3,13,37,28.0,casual,1,0.1721
C00102,Nigeria,Lagos,2023-06-25,54.96,6,16,33.2,commuter,0,0.1078
C00103,Nigeria,Abuja,2023-10-12,50.05,17,9,29.6,casual,0,0.0559
C00104,Nigeria,Lagos,2025-09-15,9.63,25,11,6.1,commuter,0,0.1247
C00105,Nigeria,Port Harcourt,2024-07-22,51.61,19,6,20.1,logistics,0,0.0298
C00106,Kenya,Kisumu,2025-07-02,40.83,9,3,8.6,commuter,1,0.1007
C00107,Uganda,Jinja,2023-05-17,61.39,12,5,34.5,casual,0,0.0451
C00108,Kenya,Nakuru,2023-09-29,30.72,9,17,30.0,logistics,0,0.1397
C00109,Nigeria,Kano,2026-02-17,71.27,15,0,0.9,casual,0,0.0508
C00110,Kenya,Kisumu,2024-08-11,46.27,21,1,19.4,logistics,0,0.0
C00111,Nigeria,Port Harcourt,2023-12-25,28.86,26,0,27.1,logistics,0,0.0
C00112,Nigeria,Kano,2023-05-02,8.77,25,0,35.0,casual,0,0.0042
C00113,Kenya,Nairobi,2023-03-17,31.5,25,23,36.5,casual,0,0.1092
C00114,Rwanda,Gisenyi,2026-03-03,54.61,10,14,0.5,logistics,1,0.1081
C00115,Kenya,Kisumu,2023-11-03,40.47,12,7,28.8,casual,0,0.0327
C00116,Kenya,Nairobi,2023-05-21,46.68,25,1,34.4,casual,0,0.0084
C00117,Kenya,Kisumu,2024-12-14,38.98,24,8,15.3,delivery,0,0.1264
C00118,Kenya,Nairobi,2026-01-28,36.28,15,7,1.6,casual,0,0.0702
C00119,Nigeria,Port Harcourt,2025-02-03,40.62,30,2,13.6,casual,0,0.0752
C00120,Nigeria,Kano,2024-06-16,57.51,25,6,21.3,commuter,0,0.0503
C00121,Kenya,Mombasa,2025-09-06,48.33,6,6,6.4,casual,0,0.1132
C00122,Kenya,Nakuru,2025-04-01,53.82,13,11,11.7,logistics,0,0.0938
C00123,Kenya,Nairobi,2024-07-22,26.61,21,12,20.1,casual,0,0.1106
C00124,Rwanda,Butare,2023-04-23,52.33,16,0,35.3,delivery,0,0.0249
C00125,Rwanda,Gisenyi,2025-09-13,18.33,21,5,6.2,casual,0,0.0414
C00126,Nigeria,Lagos,2023-08-15,59.72,13,11,31.5,logistics,0,0.0723
C00127,Rwanda,Kigali,2024-10-21,36.16,18,8,17.1,delivery,0,0.0
C00128,Kenya,Mombasa,2023-06-01,42.55,18,23,34.0,commuter,0,0.1225
C00129,Kenya,Nakuru,2024-04-04,22.41,20,12,23.7,logistics,0,0.0
C00130,Uganda,Jinja,2026-03-14,31.97,15,2,0.1,logistics,0,0.134
C00131,Rwanda,Gisenyi,2023-10-09,65.1,21,0,29.7,logistics,0,0.0
C00132,Kenya,Nairobi,2024-12-27,63.33,12,12,14.8,commuter,0,0.0602
C00133,Nigeria,Abuja,2025-03-16,36.11,25,0,12.2,logistics,0,0.0419
C00134,Uganda,Kampala,2024-06-04,50.23,14,10,21.7,casual,0,0.0655
C00135,Uganda,Jinja,2026-02-09,34.52,17,33,1.2,logistics,0,0.2054
C00136,Nigeria,Lagos,2023-06-16,55.52,20,10,33.5,commuter,0,0.0
C00137,Nigeria,Port Harcourt,2023-10-15,38.85,29,5,29.5,logistics,0,0.0
C00138,Kenya,Mombasa,2023-07-12,12.39,23,12,32.6,casual,0,0.0145
C00139,Kenya,Nairobi,2023-07-26,38.6,24,7,32.2,commuter,0,0.0353
C00140,Nigeria,Port Harcourt,2025-03-28,13.15,17,9,11.8,delivery,0,0.0839
C00141,Kenya,Nakuru,2023-10-03,74.62,48,34,29.9,commuter,0,0.1687
C00142,Nigeria,Abuja,2023-07-07,57.46,15,5,32.8,delivery,0,0.0
C00143,Rwanda,Kigali,2023-06-24,22.09,24,38,33.2,casual,0,0.1679
C00144,Kenya,Mombasa,2026-02-22,64.45,13,28,0.8,delivery,0,0.3011
C00145,Kenya,Nakuru,2024-06-14,30.78,19,2,21.4,delivery,0,0.0
C00146,Rwanda,Kigali,2025-06-10,59.9,20,0,9.3,logistics,0,0.0314
C00147,Nigeria,Lagos,2025-11-25,39.79,10,1,3.7,casual,0,0.0958
C00148,Uganda,Kampala,2025-04-23,50.32,19,0,10.9,casual,0,0.0205
C00149,Uganda,Kampala,2024-08-05,29.44,22,1,19.6,delivery,0,0.0
C00150,Kenya,Nairobi,2025-12-13,57.66,23,13,3.1,delivery,0,0.0616
C00151,Kenya,Nakuru,2025-06-24,41.73,14,0,8.9,commuter,1,0.037
C00152,Kenya,Mombasa,2024-06-08,26.12,22,4,21.6,casual,0,0.0
C00153,Kenya,Kisumu,2023-04-03,45.71,22,22,36.0,commuter,0,0.0827
C00154,Kenya,Nakuru,2025-02-10,70.63,17,0,13.3,delivery,0,0.03
C00155,Rwanda,Butare,2024-02-08,22.55,22,20,25.6,commuter,0,0.0994
C00156,Nigeria,Kano,2025-07-15,63.65,26,3,8.2,commuter,0,0.0823
C00157,Kenya,Nakuru,2025-11-24,62.14,20,1,3.8,commuter,0,0.0056
C00158,Kenya,Nairobi,2023-11-17,66.34,20,14,28.4,commuter,0,0.0
C00159,Kenya,Kisumu,2024-05-01,49.34,14,11,22.8,delivery,0,0.0784
C00160,Rwanda,Kigali,2024-07-24,25.22,14,25,20.0,delivery,0,0.0288
C00161,Kenya,Mombasa,2024-10-04,56.81,14,15,17.6,casual,0,0.0841
C00162,Kenya,Mombasa,2024-01-28,61.86,15,19,26.0,logistics,1,0.1949
C00163,Kenya,Kisumu,2024-06-27,28.21,21,3,20.9,delivery,0,0.0
C00164,Nigeria,Port Harcourt,2023-06-06,61.66,10,2,33.8,commuter,0,0.0685
C00165,Rwanda,Kigali,2026-01-01,5.0,28,16,2.5,logistics,1,0.1545
C00166,Nigeria,Kano,2024-06-03,58.6,8,19,21.7,casual,0,0.1556
C00167,Kenya,Nairobi,2025-05-31,39.24,3,55,9.7,commuter,0,0.358
C00168,Kenya,Nakuru,2024-01-20,32.29,10,6,26.2,commuter,0,0.1115
C00169,Kenya,Nakuru,2024-01-31,51.56,19,5,25.9,commuter,0,0.0317
C00170,Nigeria,Port Harcourt,2023-09-09,28.08,24,17,30.7,delivery,0,0.0506
C00171,Nigeria,Port Harcourt,2023-09-30,39.27,23,5,30.0,casual,0,0.0195
C00172,Uganda,Kampala,2024-08-01,43.99,18,32,19.8,logistics,0,0.2149
C00173,Nigeria,Port Harcourt,2023-05-27,47.99,22,23,34.2,commuter,0,0.115
C00174,Rwanda,Butare,2026-01-09,49.97,13,6,2.2,logistics,0,0.034
C00175,Uganda,Kampala,2025-09-19,35.2,2,16,6.0,commuter,0,0.1891
C00176,Uganda,Kampala,2024-10-22,20.66,19,16,17.0,logistics,0,0.1608
C00177,Nigeria,Abuja,2024-01-18,39.17,16,1,26.3,casual,0,0.0
C00178,Rwanda,Gisenyi,2025-06-13,111.27,35,27,9.2,casual,0,0.2303
C00179,Nigeria,Kano,2025-11-21,68.42,27,8,3.9,delivery,0,0.0304
C00180,Nigeria,Lagos,2025-11-01,37.41,22,21,4.5,delivery,0,0.1071
C00181,Kenya,Mombasa,2023-04-29,20.71,32,4,35.1,logistics,0,0.061
C00182,Kenya,Kisumu,2026-02-13,23.65,16,27,1.1,delivery,0,0.191
C00183,Kenya,Kisumu,2025-11-06,57.73,10,5,4.4,logistics,1,0.1047
C00184,Nigeria,Port Harcourt,2025-01-27,41.15,17,0,13.8,logistics,0,0.0255
C00185,Nigeria,Kano,2025-10-03,12.66,19,28,5.5,commuter,1,0.178
C00186,Kenya,Nakuru,2023-12-21,31.12,13,1,27.2,logistics,0,0.0113
C00187,Uganda,Entebbe,2024-03-08,41.46,4,4,24.6,commuter,0,0.1077
C00188,Kenya,Nakuru,2025-10-19,43.53,23,35,5.0,commuter,1,0.2659
C00189,Kenya,Nakuru,2024-10-17,57.31,13,36,17.2,logistics,0,0.3157
C00190,Kenya,Mombasa,2024-07-08,35.98,10,10,20.6,logistics,0,0.0799
C00191,Nigeria,Lagos,2025-04-18,65.11,15,11,11.1,commuter,0,0.1332
C00192,Kenya,Nakuru,2026-01-28,42.4,18,7,1.6,delivery,1,0.1079
C00193,Uganda,Jinja,2024-01-01,32.84,23,4,26.9,logistics,0,0.0276
C00194,Nigeria,Lagos,2024-07-29,46.64,12,4,19.9,commuter,0,0.0814
C00195,Kenya,Nairobi,2025-12-06,19.82,26,13,3.4,delivery,0,0.0577
C00196,Nigeria,Port Harcourt,2023-09-01,81.07,16,16,30.9,logistics,0,0.0676
C00197,Rwanda,Gisenyi,2025-10-27,21.32,21,18,4.7,delivery,0,0.1008
C00198,Kenya,Kisumu,2025-07-18,43.44,11,18,8.1,casual,0,0.1179
C00199,Rwanda,Butare,2025-08-20,41.74,18,1,7.0,logistics,0,0.0449
C00200,Rwanda,Gisenyi,2024-07-25,52.57,25,8,20.0,logistics,0,0.0
C00201,Uganda,Jinja,2025-03-16,19.58,13,0,12.2,casual,0,0.0182
C00202,Kenya,Mombasa,2023-12-18,39.49,35,9,27.3,commuter,0,0.0542
C00203,Nigeria,Port Harcourt,2023-04-08,61.0,27,6,35.8,commuter,0,0.0
C00204,Rwanda,Gisenyi,2024-06-17,61.6,20,26,21.3,casual,0,0.1827
C00205,Kenya,Mombasa,2023-05-27,23.49,20,5,34.2,logistics,0,0.0
C00206,Nigeria,Abuja,2026-02-14,37.25,23,1,1.0,logistics,0,0.0581
C00207,Rwanda,Gisenyi,2023-05-06,52.46,29,1,34.9,logistics,0,0.0
C00208,Kenya,Nakuru,2023-05-31,60.21,24,17,34.0,delivery,0,0.026
C00209,Kenya,Kisumu,2025-10-16,52.02,17,11,5.1,delivery,0,0.178
C00210,Kenya,Kisumu,2023-08-23,32.92,28,1,31.2,delivery,0,0.0
C00211,Kenya,Mombasa,2026-01-02,41.17,16,1,2.5,delivery,0,0.0037
C00212,Kenya,Mombasa,2025-05-18,59.83,4,14,10.1,casual,0,0.2365
C00213,Nigeria,Kano,2025-07-01,33.78,27,0,8.6,commuter,0,0.0584
C00214,Uganda,Kampala,2025-08-09,40.74,6,20,7.3,commuter,0,0.2338
C00215,Uganda,Entebbe,2026-01-09,47.73,14,14,2.2,commuter,0,0.1398
C00216,Kenya,Nairobi,2025-06-17,8.48,24,1,9.1,casual,0,0.0261
C00217,Uganda,Kampala,2023-07-25,57.0,12,1,32.2,casual,0,0.0049
C00218,Nigeria,Abuja,2023-08-15,53.24,24,51,31.5,delivery,0,0.2375
C00219,Kenya,Nakuru,2025-07-14,55.08,11,5,8.2,delivery,0,0.1492
C00220,Nigeria,Abuja,2024-09-02,58.88,25,5,18.7,logistics,0,0.0406
C00221,Uganda,Entebbe,2024-05-15,24.6,13,20,22.4,commuter,0,0.113
C00222,Nigeria,Abuja,2024-05-14,61.95,11,35,22.4,logistics,0,0.2292
C00223,Nigeria,Kano,2026-01-17,36.44,22,51,2.0,logistics,0,0.3719
C00224,Nigeria,Port Harcourt,2025-04-13,39.57,19,16,11.3,delivery,0,0.0288
C00225,Nigeria,Lagos,2024-11-13,23.22,17,5,16.3,delivery,0,0.0
C00226,Nigeria,Abuja,2024-06-15,75.67,25,1,21.3,delivery,0,0.0955
C00227,Rwanda,Butare,2024-06-16,63.09,23,18,21.3,casual,0,0.1173
C00228,Nigeria,Port Harcourt,2024-12-19,26.54,15,9,15.1,logistics,1,0.0401
C00229,Rwanda,Gisenyi,2024-09-11,46.4,21,6,18.4,commuter,0,0.0
C00230,Uganda,Kampala,2025-11-12,57.89,26,28,4.2,delivery,0,0.1883
C00231,Rwanda,Gisenyi,2026-03-03,70.7,17,1,0.5,casual,0,0.0
C00232,Kenya,Mombasa,2025-12-19,72.15,14,8,2.9,casual,0,0.0705
C00233,Nigeria,Abuja,2025-08-09,60.36,8,0,7.3,casual,0,0.1293
C00234,Nigeria,Abuja,2025-01-27,42.3,18,7,13.8,commuter,0,0.1138
C00235,Kenya,Nakuru,2025-04-30,13.31,7,0,10.7,commuter,1,0.0987
C00236,Nigeria,Lagos,2025-09-17,36.42,18,1,6.0,delivery,0,0.0743
C00237,Rwanda,Kigali,2025-10-12,81.37,35,1,5.2,logistics,0,0.0627
C00238,Kenya,Mombasa,2023-06-23,84.9,26,12,33.3,logistics,0,0.027
C00239,Kenya,Mombasa,2023-11-01,31.65,13,16,28.9,casual,0,0.0
C00240,Rwanda,Butare,2024-08-24,46.33,16,10,19.0,delivery,0,0.0224
C00241,Rwanda,Butare,2025-01-30,45.73,23,39,13.7,commuter,0,0.2411
C00242,Nigeria,Port Harcourt,2025-01-01,37.16,14,5,14.7,delivery,0,0.0515
C00243,Kenya,Nairobi,2024-10-19,75.8,12,4,17.1,logistics,0,0.1203
C00244,Kenya,Nairobi,2025-06-27,60.86,21,24,8.8,delivery,0,0.1408
C00245,Nigeria,Kano,2024-02-18,32.07,32,3,25.3,casual,0,0.0147
C00246,Uganda,Jinja,2025-07-30,56.35,14,39,7.7,logistics,0,0.2297
C00247,Rwanda,Butare,2023-08-10,19.55,20,0,31.7,casual,0,0.0
C00248,Kenya,Nakuru,2024-01-04,60.86,18,42,26.8,logistics,0,0.1629
C00249,Nigeria,Abuja,2023-07-08,44.82,17,0,32.8,logistics,0,0.0
C00250,Kenya,Kisumu,2024-06-12,37.16,19,26,21.4,logistics,0,0.2049
C00251,Kenya,Nakuru,2025-04-03,70.22,16,9,11.6,delivery,0,0.056
C00252,Kenya,Nakuru,2025-12-25,45.65,24,59,2.7,commuter,0,0.4494
C00253,Nigeria,Lagos,2024-11-24,70.17,14,0,15.9,delivery,0,0.037
C00254,Kenya,Mombasa,2024-10-05,26.51,26,9,17.6,casual,0,0.0643
C00255,Nigeria,Lagos,2024-02-23,67.78,18,41,25.1,logistics,0,0.2676
C00256,Kenya,Nakuru,2026-01-02,46.64,23,8,2.5,commuter,0,0.0
C00257,Nigeria,Abuja,2025-03-11,52.85,26,11,12.4,logistics,0,0.1012
C00258,Uganda,Entebbe,2023-07-08,31.98,0,14,32.8,commuter,1,0.3686
C00259,Nigeria,Lagos,2025-05-03,59.63,22,7,10.6,delivery,1,0.0569
C00260,Kenya,Nakuru,2025-08-18,43.01,14,11,7.0,commuter,0,0.0767
C00261,Uganda,Kampala,2023-04-07,49.91,33,10,35.8,commuter,0,0.0
C00262,Nigeria,Kano,2025-09-09,23.23,25,27,6.3,logistics,1,0.1448
C00263,Kenya,Mombasa,2024-05-21,19.32,12,0,22.2,delivery,0,0.0075
C00264,Nigeria,Port Harcourt,2024-10-03,27.35,14,3,17.7,delivery,0,0.0
C00265,Rwanda,Gisenyi,2024-09-03,41.57,10,36,18.7,commuter,0,0.2309
C00266,Kenya,Nakuru,2024-06-25,44.04,24,26,21.0,casual,0,0.129
C00267,Nigeria,Kano,2025-11-23,28.5,16,7,3.8,logistics,0,0.1241
C00268,Rwanda,Gisenyi,2025-05-04,66.98,23,11,10.6,delivery,0,0.1099
C00269,Rwanda,Butare,2025-08-05,39.95,20,3,7.5,commuter,0,0.1141
C00270,Kenya,Mombasa,2023-04-16,38.15,10,2,35.5,commuter,0,0.0245
C00271,Kenya,Kisumu,2025-03-17,22.13,15,7,12.2,casual,1,0.0976
C00272,Kenya,Nairobi,2024-10-30,9.9,17,5,16.8,delivery,0,0.0
C00273,Nigeria,Abuja,2026-02-03,40.66,14,10,1.4,delivery,0,0.1181
C00274,Nigeria,Port Harcourt,2026-03-11,59.13,14,0,0.2,delivery,0,0.1592
C00275,Rwanda,Butare,2023-09-07,35.13,15,43,30.7,logistics,0,0.238
C00276,Rwanda,Butare,2026-03-07,54.55,20,51,0.3,delivery,0,0.281
C00277,Kenya,Mombasa,2025-01-01,33.84,19,14,14.7,casual,0,0.0641
C00278,Uganda,Kampala,2024-03-24,54.42,15,9,24.1,logistics,0,0.0891
C00279,Kenya,Mombasa,2025-01-18,26.08,13,4,14.1,casual,0,0.0331
C00280,Uganda,Kampala,2025-11-27,24.31,13,20,3.7,casual,0,0.184
C00281,Nigeria,Abuja,2023-12-07,36.03,14,13,27.7,commuter,0,0.0217
C00282,Nigeria,Port Harcourt,2024-07-25,21.04,10,2,20.0,casual,0,0.0103
C00283,Nigeria,Kano,2024-12-27,35.15,6,29,14.8,delivery,1,0.1188
C00284,Nigeria,Kano,2025-08-09,22.81,23,20,7.3,casual,0,0.2059
C00285,Uganda,Entebbe,2025-07-08,63.66,16,35,8.4,delivery,0,0.2638
C00286,Nigeria,Port Harcourt,2024-11-16,45.92,8,15,16.2,delivery,0,0.1418
C00287,Kenya,Nairobi,2025-06-18,30.02,19,11,9.1,delivery,0,0.1184
C00288,Kenya,Kisumu,2023-07-29,41.35,13,6,32.1,casual,0,0.0289
C00289,Kenya,Nakuru,2023-08-19,38.62,23,32,31.4,commuter,0,0.1487
C00290,Nigeria,Abuja,2023-11-06,36.73,28,24,28.7,delivery,0,0.069
C00291,Kenya,Nakuru,2025-05-25,57.63,17,0,9.9,casual,0,0.0184
C00292,Kenya,Mombasa,2024-04-30,51.46,11,0,22.9,delivery,1,0.0363
C00293,Kenya,Nairobi,2023-07-30,16.47,12,5,32.0,commuter,0,0.0
C00294,Kenya,Nakuru,2025-06-16,41.05,8,19,9.1,casual,0,0.1517
C00295,Nigeria,Kano,2024-11-21,33.09,24,52,16.0,commuter,0,0.3165
C00296,Nigeria,Kano,2023-03-20,68.81,22,1,36.4,delivery,0,0.0
C00297,Nigeria,Port Harcourt,2025-06-16,25.65,13,10,9.1,delivery,0,0.0521
C00298,Nigeria,Port Harcourt,2023-05-20,54.66,17,5,34.4,commuter,0,0.0329
C00299,Uganda,Kampala,2023-11-23,33.2,18,42,28.2,casual,0,0.1549
C00300,Nigeria,Port Harcourt,2025-08-01,60.4,16,22,7.6,commuter,0,0.1099
C00301,Rwanda,Kigali,2023-03-27,41.23,23,21,36.2,casual,0,0.0416
C00302,Nigeria,Lagos,2026-02-12,42.44,13,7,1.1,logistics,0,0.0931
C00303,Nigeria,Lagos,2023-03-20,46.22,10,6,36.4,delivery,0,0.0255
C00304,Kenya,Nairobi,2023-10-08,63.57,12,3,29.7,casual,0,0.0276
C00305,Uganda,Kampala,2024-09-20,47.12,13,0,18.1,casual,0,0.0531
C00306,Kenya,Mombasa,2023-08-22,22.75,21,24,31.3,logistics,0,0.0119
C00307,Nigeria,Abuja,2024-12-19,32.46,28,20,15.1,commuter,0,0.1122
C00308,Kenya,Nakuru,2025-09-15,58.77,37,98,6.1,delivery,0,0.4572
C00309,Rwanda,Kigali,2024-11-08,45.06,29,68,16.5,casual,0,0.3977
C00310,Kenya,Kisumu,2024-09-28,18.16,13,9,17.8,commuter,0,0.0391
C00311,Nigeria,Kano,2023-04-15,32.45,5,17,35.6,commuter,0,0.0473
C00312,Rwanda,Butare,2025-01-21,50.85,11,34,14.0,casual,0,0.1565
C00313,Kenya,Nakuru,2024-07-10,54.53,11,22,20.5,delivery,0,0.1183
C00314,Nigeria,Port Harcourt,2023-11-08,58.19,22,3,28.7,commuter,0,0.0
C00315,Kenya,Nakuru,2026-01-04,86.23,20,7,2.4,casual,0,0.1276
C00316,Kenya,Mombasa,2025-05-29,61.65,22,1,9.7,logistics,0,0.0168
C00317,Kenya,Kisumu,2024-06-01,44.96,25,36,21.8,logistics,0,0.2096
C00318,Rwanda,Kigali,2025-08-14,38.85,15,11,7.2,delivery,1,0.1195
C00319,Nigeria,Abuja,2024-02-28,26.88,13,3,24.9,commuter,0,0.0183
C00320,Uganda,Entebbe,2025-01-04,45.77,15,13,14.6,commuter,0,0.046
C00321,Rwanda,Kigali,2024-01-13,58.73,22,11,26.5,delivery,0,0.0339
C00322,Nigeria,Abuja,2024-01-01,61.84,26,5,26.9,delivery,0,0.042
C00323,Nigeria,Abuja,2025-09-02,37.85,15,1,6.5,commuter,0,0.0
C00324,Uganda,Kampala,2024-05-14,59.44,18,13,22.4,casual,0,0.0071
C00325,Kenya,Mombasa,2025-11-15,45.36,28,8,4.1,logistics,0,0.0933
C00326,Rwanda,Gisenyi,2024-09-19,69.4,31,17,18.1,delivery,0,0.1134
C00327,Nigeria,Abuja,2024-03-19,44.8,12,8,24.3,casual,0,0.154
C00328,Kenya,Mombasa,2023-05-19,57.93,9,22,34.4,commuter,0,0.1045
C00329,Uganda,Entebbe,2025-03-09,69.14,28,9,12.4,casual,0,0.0309
C00330,Uganda,Kampala,2026-01-09,37.85,21,9,2.2,commuter,0,0.1089
C00331,Uganda,Entebbe,2024-12-07,19.69,18,25,15.5,commuter,0,0.1012
C00332,Nigeria,Abuja,2023-05-07,44.88,17,6,34.8,delivery,0,0.0479
C00333,Uganda,Kampala,2025-09-30,27.55,16,1,5.6,commuter,0,0.0
C00334,Kenya,Nakuru,2025-11-10,19.49,16,0,4.2,commuter,0,0.0
C00335,Uganda,Kampala,2024-10-03,21.39,21,16,17.7,commuter,0,0.0692
C00336,Kenya,Mombasa,2023-06-12,72.59,17,11,33.6,logistics,0,0.0053
C00337,Kenya,Mombasa,2026-01-17,44.95,4,14,2.0,logistics,0,0.1919
C00338,Rwanda,Butare,2024-09-08,36.03,13,2,18.5,commuter,0,0.0314
C00339,Nigeria,Kano,2023-06-01,78.51,23,1,34.0,commuter,0,0.0
C00340,Kenya,Nairobi,2023-10-23,54.13,31,0,29.2,casual,0,0.0086
C00341,Kenya,Mombasa,2024-12-11,64.74,34,5,15.4,casual,0,0.1317
C00342,Kenya,Mombasa,2024-03-25,52.15,8,10,24.1,commuter,0,0.1177
C00343,Nigeria,Lagos,2023-04-24,6.21,18,5,35.3,casual,0,0.0369
C00344,Kenya,Nakuru,2025-07-22,74.36,26,6,7.9,commuter,0,0.0085
C00345,Nigeria,Lagos,2025-07-12,34.84,22,28,8.3,logistics,0,0.2021
C00346,Nigeria,Port Harcourt,2024-07-18,16.16,30,5,20.2,delivery,0,0.0305
C00347,Kenya,Nakuru,2024-04-26,67.23,19,8,23.0,logistics,0,0.0
C00348,Kenya,Nakuru,2024-02-28,24.13,25,18,24.9,delivery,0,0.0206
C00349,Nigeria,Lagos,2023-09-25,54.83,17,6,30.1,casual,0,0.0157
C00350,Rwanda,Butare,2025-09-14,50.3,7,11,6.1,delivery,0,0.1594
C00351,Nigeria,Port Harcourt,2024-04-14,65.79,22,23,23.4,logistics,0,0.0
C00352,Uganda,Entebbe,2023-06-07,63.45,15,35,33.8,logistics,0,0.0785
C00353,Kenya,Mombasa,2023-06-05,65.25,27,1,33.9,logistics,0,0.0
C00354,Nigeria,Kano,2025-06-28,50.38,23,31,8.7,logistics,0,0.1899
C00355,Uganda,Kampala,2023-04-17,60.03,27,8,35.5,logistics,1,0.0413
C00356,Kenya,Mombasa,2025-04-27,20.33,25,3,10.8,logistics,0,0.0405
C00357,Kenya,Mombasa,2025-08-10,62.98,19,7,7.3,casual,0,0.0054
C00358,Kenya,Mombasa,2024-02-02,53.84,20,46,25.8,delivery,0,0.2397
C00359,Kenya,Nakuru,2024-03-02,27.36,25,8,24.8,commuter,0,0.0
C00360,Kenya,Nairobi,2024-08-19,26.23,21,4,19.2,commuter,0,0.1031
C00361,Uganda,Entebbe,2025-06-08,75.87,30,12,9.4,casual,0,0.2046
C00362,Nigeria,Port Harcourt,2024-02-12,57.79,16,3,25.5,delivery,0,0.0
C00363,Kenya,Nakuru,2023-09-20,48.55,17,0,30.3,casual,0,0.0
C00364,Uganda,Entebbe,2023-11-27,35.8,23,1,28.0,delivery,0,0.0089
C00365,Nigeria,Abuja,2023-04-02,22.93,9,1,36.0,logistics,0,0.0369
C00366,Nigeria,Port Harcourt,2023-10-06,5.0,13,1,29.8,logistics,0,0.0545
C00367,Kenya,Kisumu,2023-07-19,41.4,17,1,32.4,casual,0,0.0023
C00368,Nigeria,Abuja,2024-03-07,31.43,21,12,24.7,logistics,0,0.0559
C00369,Nigeria,Lagos,2024-04-22,48.86,1,2,23.1,delivery,0,0.0692
C00370,Kenya,Kisumu,2024-10-27,21.53,22,5,16.9,commuter,0,0.0
C00371,Rwanda,Butare,2023-05-21,66.93,15,27,34.4,casual,0,0.0848
C00372,Nigeria,Abuja,2024-05-29,40.51,15,7,21.9,delivery,0,0.0505
C00373,Kenya,Nakuru,2024-01-12,85.25,18,13,26.5,logistics,0,0.0704
C00374,Kenya,Mombasa,2024-06-26,54.08,5,2,21.0,logistics,0,0.0106
C00375,Uganda,Entebbe,2024-08-02,37.53,8,2,19.7,delivery,0,0.0108
C00376,Rwanda,Butare,2025-04-07,36.61,23,0,11.5,delivery,0,0.0
C00377,Rwanda,Gisenyi,2025-12-30,30.63,3,2,2.6,delivery,0,0.1611
C00378,Kenya,Kisumu,2024-04-30,32.55,26,3,22.9,casual,0,0.0743
C00379,Uganda,Jinja,2025-01-07,68.94,20,2,14.5,commuter,0,0.154
C00380,Uganda,Kampala,2024-05-17,22.57,17,1,22.3,logistics,0,0.0328
C00381,Kenya,Nairobi,2023-12-16,56.67,9,1,27.4,delivery,1,0.013
C00382,Kenya,Nairobi,2023-09-22,28.86,11,7,30.2,commuter,0,0.1053
C00383,Kenya,Nakuru,2026-02-26,81.7,15,2,0.6,commuter,0,0.0345
C00384,Rwanda,Gisenyi,2024-07-13,45.76,12,5,20.4,commuter,0,0.0
C00385,Rwanda,Kigali,2024-04-08,40.61,24,8,23.6,casual,0,0.0592
C00386,Kenya,Nairobi,2025-05-21,42.89,4,14,10.0,casual,1,0.1411
C00387,Rwanda,Butare,2023-10-01,55.11,17,0,29.9,delivery,0,0.0116
C00388,Uganda,Entebbe,2025-05-06,38.28,14,19,10.5,logistics,0,0.0669
C00389,Nigeria,Kano,2025-05-09,45.45,20,11,10.4,logistics,0,0.009
C00390,Kenya,Nairobi,2025-09-23,29.99,15,1,5.8,delivery,0,0.1346
C00391,Kenya,Mombasa,2023-09-19,52.13,23,24,30.3,casual,0,0.1863
C00392,Nigeria,Kano,2024-09-24,62.08,25,30,18.0,casual,1,0.1994
C00393,Kenya,Nakuru,2025-04-08,63.62,20,0,11.4,delivery,0,0.0293
C00394,Rwanda,Gisenyi,2024-03-31,79.17,27,3,23.9,casual,0,0.0554
C00395,Uganda,Jinja,2023-03-22,45.9,20,19,36.4,casual,0,0.0169
C00396,Nigeria,Abuja,2023-10-12,59.26,15,16,29.6,commuter,0,0.0759
C00397,Nigeria,Abuja,2025-03-31,67.04,26,2,11.7,delivery,0,0.1095
C00398,Kenya,Nakuru,2023-06-25,90.93,27,2,33.2,delivery,0,0.0179
C00399,Rwanda,Butare,2024-06-15,32.69,28,5,21.3,logistics,0,0.0371
C00400,Uganda,Jinja,2025-09-06,37.81,4,7,6.4,casual,0,0.1736
C00401,Kenya,Mombasa,2024-12-04,59.31,25,11,15.6,commuter,0,0.0833
C00402,Rwanda,Gisenyi,2025-11-11,5.0,28,5,4.2,casual,0,0.007
C00403,Nigeria,Port Harcourt,2023-12-12,59.05,19,7,27.5,commuter,0,0.0709
C00404,Kenya,Kisumu,2025-02-06,64.37,17,16,13.5,logistics,0,0.1
C00405,Uganda,Kampala,2025-08-04,28.23,29,0,7.5,commuter,0,0.0066
C00406,Uganda,Kampala,2023-04-09,77.12,31,3,35.8,logistics,0,0.0792
C00407,Kenya,Nakuru,2024-04-20,38.85,16,14,23.2,casual,0,0.0
C00408,Rwanda,Butare,2024-08-17,59.26,22,27,19.2,logistics,0,0.0947
C00409,Rwanda,Butare,2024-03-17,68.13,28,8,24.3,delivery,0,0.045
C00410,Rwanda,Kigali,2025-01-17,42.0,20,9,14.1,delivery,0,0.0781
C00411,Kenya,Nakuru,2023-07-05,19.44,18,1,32.9,casual,0,0.0
C00412,Kenya,Nakuru,2025-06-02,48.15,12,7,9.6,logistics,0,0.065
C00413,Rwanda,Gisenyi,2023-08-31,48.58,19,9,31.0,delivery,0,0.1223
C00414,Uganda,Jinja,2025-05-15,55.83,19,3,10.2,commuter,0,0.0903
C00415,Uganda,Jinja,2025-05-03,84.58,19,3,10.6,logistics,1,0.0148
C00416,Nigeria,Kano,2023-04-13,25.5,15,5,35.6,casual,0,0.0
C00417,Uganda,Entebbe,2024-12-10,44.75,26,0,15.4,commuter,0,0.0
C00418,Kenya,Kisumu,2025-01-16,14.88,9,4,14.2,commuter,0,0.0454
C00419,Nigeria,Kano,2026-02-11,70.68,17,2,1.1,logistics,0,0.1042
C00420,Kenya,Mombasa,2024-07-09,34.29,28,4,20.5,casual,0,0.0
C00421,Nigeria,Abuja,2023-12-24,40.28,8,1,27.1,casual,0,0.0628
C00422,Rwanda,Gisenyi,2024-07-16,44.78,16,26,20.3,delivery,0,0.0842
C00423,Nigeria,Port Harcourt,2023-12-17,67.37,12,10,27.4,delivery,0,0.0
C00424,Kenya,Nakuru,2024-10-19,43.4,22,13,17.1,delivery,0,0.1127
C00425,Uganda,Entebbe,2023-07-27,37.79,14,18,32.1,logistics,0,0.0943
C00426,Kenya,Kisumu,2023-12-22,80.95,15,8,27.2,commuter,0,0.0451
C00427,Nigeria,Abuja,2024-10-22,8.81,18,1,17.0,delivery,0,0.0
C00428,Kenya,Mombasa,2023-09-19,55.26,7,9,30.3,casual,0,0.184
C00429,Kenya,Mombasa,2024-02-09,48.76,10,10,25.6,commuter,0,0.0441
C00430,Nigeria,Abuja,2023-12-05,36.76,18,16,27.8,casual,0,0.0436
C00431,Rwanda,Kigali,2024-02-12,58.19,23,6,25.5,commuter,0,0.0
C00432,Kenya,Mombasa,2025-02-08,53.18,16,1,13.4,delivery,0,0.0
C00433,Kenya,Nairobi,2023-12-28,35.47,14,4,27.0,casual,0,0.0057
C00434,Nigeria,Kano,2025-04-05,29.49,24,5,11.5,logistics,0,0.1398
C00435,Nigeria,Kano,2025-11-14,19.92,22,12,4.1,delivery,0,0.2272
C00436,Kenya,Nakuru,2026-02-05,89.71,23,10,1.3,delivery,0,0.1172
C00437,Rwanda,Gisenyi,2025-04-13,35.78,18,5,11.3,logistics,0,0.0433
C00438,Rwanda,Gisenyi,2024-06-14,14.04,40,51,21.4,commuter,0,0.304
C00439,Kenya,Nairobi,2024-04-30,29.75,21,11,22.9,commuter,0,0.0054
C00440,Kenya,Nairobi,2024-12-08,39.02,15,3,15.5,delivery,0,0.0132
C00441,Nigeria,Lagos,2023-10-10,20.1,17,1,29.6,delivery,0,0.0
C00442,Rwanda,Gisenyi,2025-10-04,75.89,24,1,5.5,delivery,0,0.0479
C00443,Kenya,Nakuru,2023-07-02,68.24,12,3,33.0,commuter,0,0.0
C00444,Uganda,Jinja,2024-04-25,46.59,16,2,23.0,commuter,0,0.0
C00445,Rwanda,Kigali,2025-03-20,66.39,12,2,12.1,commuter,0,0.0
C00446,Kenya,Mombasa,2025-03-19,58.29,28,4,12.1,logistics,0,0.0
C00447,Nigeria,Lagos,2025-07-11,70.09,25,2,8.3,delivery,0,0.146
C00448,Kenya,Nakuru,2024-02-06,55.01,23,27,25.7,logistics,0,0.1194
C00449,Rwanda,Kigali,2023-04-04,58.74,23,1,35.9,casual,0,0.0
C00450,Rwanda,Gisenyi,2024-02-26,54.23,21,8,25.0,commuter,0,0.0189
C00451,Uganda,Kampala,2025-01-08,76.5,27,6,14.4,casual,0,0.0
C00452,Rwanda,Gisenyi,2025-03-09,47.54,28,48,12.4,delivery,0,0.2829
C00453,Nigeria,Port Harcourt,2024-07-12,59.06,23,1,20.4,delivery,0,0.0522
C00454,Uganda,Jinja,2023-07-29,48.99,24,6,32.1,commuter,0,0.0
C00455,Nigeria,Abuja,2025-04-04,18.6,19,41,11.6,commuter,0,0.225
C00456,Kenya,Mombasa,2023-08-12,37.07,10,24,31.6,delivery,0,0.1166
C00457,Kenya,Nakuru,2025-02-18,38.07,24,20,13.1,casual,0,0.1192
C00458,Nigeria,Abuja,2025-06-11,66.07,25,3,9.3,commuter,0,0.0803
C00459,Uganda,Entebbe,2024-04-19,24.61,36,2,23.2,commuter,0,0.006
C00460,Nigeria,Lagos,2024-10-26,41.59,24,13,16.9,logistics,0,0.0054
C00461,Uganda,Jinja,2023-08-19,52.19,28,31,31.4,delivery,1,0.1769
C00462,Rwanda,Butare,2023-04-03,39.75,9,9,36.0,logistics,0,0.0094
C00463,Rwanda,Kigali,2024-10-13,66.61,24,10,17.3,logistics,0,0.1147
C00464,Nigeria,Kano,2025-01-26,45.23,17,3,13.8,delivery,0,0.0342
C00465,Rwanda,Gisenyi,2024-07-14,43.48,15,17,20.4,casual,0,0.0787
C00466,Kenya,Mombasa,2024-12-24,37.56,17,2,14.9,commuter,0,0.0174
C00467,Rwanda,Butare,2024-03-11,21.84,20,4,24.5,commuter,0,0.0
C00468,Nigeria,Port Harcourt,2023-05-02,43.78,22,6,35.0,delivery,0,0.0
C00469,Nigeria,Abuja,2025-12-27,43.85,14,8,2.7,casual,0,0.0578
C00470,Nigeria,Abuja,2023-06-19,60.85,15,3,33.4,casual,0,0.1245
C00471,Rwanda,Kigali,2023-04-26,21.16,24,1,35.2,logistics,0,0.0
C00472,Rwanda,Gisenyi,2023-05-13,29.83,15,11,34.6,logistics,0,0.009
C00473,Nigeria,Abuja,2025-03-11,70.91,17,4,12.4,logistics,0,0.1151
C00474,Rwanda,Butare,2024-06-24,39.48,9,10,21.0,casual,0,0.0564
C00475,Nigeria,Kano,2026-01-07,58.54,13,2,2.3,commuter,0,0.1058
C00476,Nigeria,Abuja,2023-06-06,45.68,17,7,33.8,logistics,0,0.1005
C00477,Kenya,Nairobi,2025-02-27,39.51,13,9,12.8,commuter,0,0.0884
C00478,Nigeria,Abuja,2024-11-24,40.39,18,0,15.9,logistics,0,0.0
C00479,Nigeria,Lagos,2024-09-28,60.96,15,4,17.8,commuter,0,0.1769
C00480,Kenya,Kisumu,2024-03-05,31.8,22,1,24.7,casual,0,0.1001
C00481,Rwanda,Gisenyi,2025-04-12,37.69,8,0,11.3,delivery,0,0.0651
C00482,Kenya,Mombasa,2023-05-01,22.37,21,55,35.0,commuter,0,0.2438
C00483,Kenya,Nakuru,2023-12-25,42.44,23,4,27.1,casual,1,0.0627
C00484,Rwanda,Kigali,2024-03-13,74.51,34,19,24.5,logistics,0,0.117
C00485,Nigeria,Kano,2023-11-19,70.32,23,3,28.3,delivery,0,0.0
C00486,Nigeria,Port Harcourt,2025-10-20,37.83,22,13,4.9,logistics,0,0.138
C00487,Kenya,Kisumu,2023-05-28,50.93,29,17,34.1,commuter,0,0.0
C00488,Kenya,Kisumu,2025-12-29,33.43,4,10,2.6,delivery,0,0.2091
C00489,Uganda,Jinja,2025-11-05,58.28,13,7,4.4,logistics,0,0.1084
C00490,Kenya,Kisumu,2023-12-10,36.54,10,6,27.6,logistics,0,0.0343
C00491,Uganda,Kampala,2025-07-22,41.81,21,5,7.9,commuter,0,0.1811
C00492,Nigeria,Abuja,2024-01-06,72.24,12,31,26.7,casual,0,0.086
C00493,Rwanda,Kigali,2024-02-26,17.75,15,21,25.0,commuter,0,0.196
C00494,Rwanda,Kigali,2024-04-07,40.37,29,40,23.6,commuter,1,0.2095
C00495,Kenya,Kisumu,2023-05-19,23.0,15,1,34.4,casual,0,0.0
C00496,Nigeria,Lagos,2024-10-26,58.79,15,15,16.9,commuter,1,0.1191
C00497,Rwanda,Gisenyi,2024-07-01,78.53,22,33,20.8,logistics,0,0.1376
C00498,Nigeria,Kano,2025-08-13,61.59,19,2,7.2,commuter,0,0.0066
C00499,Nigeria,Abuja,2023-07-09,56.74,23,0,32.7,delivery,0,0.0
C00500,Kenya,Kisumu,2023-05-23,23.39,19,16,34.3,delivery,0,0.0527
C00501,Kenya,Nairobi,2025-03-18,28.83,15,10,12.1,logistics,0,0.0711
C00502,Kenya,Mombasa,2025-08-14,42.77,21,22,7.2,delivery,0,0.1882
C00503,Kenya,Nairobi,2025-04-19,69.85,5,1,11.1,logistics,0,0.1465
C00504,Nigeria,Kano,2023-05-19,44.28,27,19,34.4,logistics,0,0.1102
C00505,Kenya,Mombasa,2024-03-26,65.24,24,2,24.0,logistics,0,0.0446
C00506,Nigeria,Abuja,2025-01-01,35.76,12,2,14.7,casual,0,0.031
C00507,Kenya,Kisumu,2025-12-14,45.31,23,2,3.1,delivery,0,0.0646
C00508,Nigeria,Kano,2025-12-20,25.77,24,20,2.9,logistics,0,0.1192
C00509,Nigeria,Lagos,2024-01-08,56.06,27,13,26.6,delivery,0,0.1092
C00510,Kenya,Nairobi,2024-05-29,15.15,16,8,21.9,commuter,0,0.0
C00511,Rwanda,Gisenyi,2023-04-10,25.11,23,5,35.7,casual,0,0.0451
C00512,Nigeria,Abuja,2024-11-18,32.34,15,25,16.1,logistics,0,0.1817
C00513,Kenya,Nairobi,2025-12-05,28.06,23,5,3.4,delivery,0,0.0316
C00514,Rwanda,Kigali,2023-08-03,15.19,14,20,31.9,delivery,0,0.0985
C00515,Rwanda,Butare,2023-10-21,49.8,17,6,29.3,delivery,0,0.0235
C00516,Kenya,Mombasa,2023-05-20,31.96,6,5,34.4,casual,0,0.0267
C00517,Uganda,Kampala,2023-08-08,60.81,17,7,31.7,logistics,0,0.0017
C00518,Nigeria,Abuja,2025-07-14,24.07,13,4,8.2,commuter,0,0.1099
C00519,Nigeria,Port Harcourt,2023-07-02,57.6,17,16,33.0,casual,0,0.0
C00520,Uganda,Kampala,2025-06-13,63.51,14,8,9.2,commuter,0,0.0907
C00521,Nigeria,Kano,2023-07-28,47.77,22,3,32.1,delivery,0,0.0
C00522,Nigeria,Kano,2026-02-06,66.79,17,27,1.3,delivery,0,0.1473
C00523,Nigeria,Port Harcourt,2024-03-13,50.29,18,5,24.5,commuter,0,0.0016
C00524,Uganda,Kampala,2024-03-20,40.25,23,9,24.2,casual,0,0.0577
C00525,Nigeria,Lagos,2024-01-10,65.99,10,28,26.6,casual,0,0.2051
C00526,Uganda,Kampala,2025-01-09,5.64,19,11,14.4,delivery,0,0.1355
C00527,Nigeria,Kano,2023-11-07,58.53,27,1,28.7,casual,0,0.0491
C00528,Kenya,Nairobi,2024-05-20,33.63,26,33,22.2,casual,0,0.1745
C00529,Rwanda,Gisenyi,2024-11-21,61.83,23,11,16.0,commuter,0,0.0665
C00530,Kenya,Mombasa,2023-06-25,41.65,25,4,33.2,casual,0,0.0
C00531,Nigeria,Kano,2025-08-10,64.66,10,1,7.3,casual,0,0.0
C00532,Kenya,Nairobi,2025-11-08,63.35,13,18,4.3,commuter,0,0.1739
C00533,Kenya,Nakuru,2023-04-19,44.91,19,11,35.4,commuter,0,0.0263
C00534,Kenya,Mombasa,2023-09-17,42.85,16,9,30.4,delivery,0,0.0
C00535,Nigeria,Kano,2025-02-05,43.42,27,26,13.5,casual,0,0.0936
C00536,Rwanda,Butare,2024-11-29,35.21,10,18,15.8,casual,0,0.112
C00537,Kenya,Kisumu,2023-06-10,17.57,12,1,33.7,commuter,0,0.0
C00538,Rwanda,Butare,2024-02-18,50.86,22,4,25.3,casual,0,0.0
C00539,Rwanda,Gisenyi,2025-04-12,24.38,11,3,11.3,commuter,0,0.114
C00540,Rwanda,Butare,2025-03-05,50.74,25,16,12.6,delivery,1,0.0865
C00541,Kenya,Nairobi,2024-07-05,38.36,2,0,20.7,commuter,0,0.0666
C00542,Uganda,Kampala,2024-01-11,60.37,13,10,26.5,logistics,0,0.0134
C00543,Kenya,Mombasa,2023-05-28,24.8,11,17,34.1,commuter,0,0.0271
C00544,Uganda,Entebbe,2024-12-01,65.26,14,25,15.7,commuter,0,0.198
C00545,Rwanda,Kigali,2025-06-09,64.87,14,5,9.4,logistics,0,0.0661
C00546,Uganda,Entebbe,2024-04-26,22.22,21,20,23.0,casual,0,0.2313
C00547,Nigeria,Kano,2025-06-01,54.7,25,1,9.6,commuter,0,0.0
C00548,Rwanda,Butare,2025-07-12,37.33,27,22,8.3,casual,0,0.087
C00549,Uganda,Jinja,2023-07-20,31.63,19,1,32.4,commuter,0,0.0
C00550,Nigeria,Kano,2023-07-12,71.31,27,6,32.6,delivery,0,0.0328
C00551,Rwanda,Butare,2025-04-09,65.86,16,19,11.4,commuter,0,0.2312
C00552,Kenya,Kisumu,2024-03-10,47.08,32,1,24.6,logistics,0,0.0521
C00553,Kenya,Kisumu,2023-04-11,57.22,29,3,35.7,delivery,0,0.0086
C00554,Rwanda,Butare,2024-09-13,40.04,19,15,18.3,logistics,0,0.1265
C00555,Kenya,Nairobi,2024-05-18,50.31,20,15,22.3,commuter,1,0.1382
C00556,Rwanda,Butare,2025-11-28,39.25,12,12,3.6,logistics,0,0.0906
C00557,Nigeria,Kano,2024-10-15,20.98,25,14,17.3,commuter,0,0.1297
C00558,Nigeria,Port Harcourt,2023-07-31,60.86,26,9,32.0,commuter,0,0.0
C00559,Nigeria,Port Harcourt,2024-04-06,44.06,19,3,23.7,logistics,0,0.0
C00560,Nigeria,Kano,2023-12-14,29.38,20,5,27.5,logistics,0,0.0538
C00561,Kenya,Nakuru,2024-05-25,28.34,21,2,22.0,casual,0,0.0176
C00562,Kenya,Mombasa,2024-01-12,27.84,29,28,26.5,logistics,0,0.1198
C00563,Rwanda,Gisenyi,2024-02-25,28.95,21,10,25.0,commuter,0,0.1256
C00564,Kenya,Nakuru,2024-02-21,81.12,28,6,25.2,logistics,0,0.103
C00565,Rwanda,Butare,2024-01-31,44.78,32,7,25.9,delivery,0,0.0471
C00566,Rwanda,Butare,2025-02-23,47.43,20,35,12.9,logistics,0,0.1891
C00567,Kenya,Kisumu,2023-10-11,34.66,24,1,29.6,delivery,0,0.0
C00568,Uganda,Entebbe,2023-12-18,66.86,12,10,27.3,casual,0,0.1139
C00569,Uganda,Entebbe,2024-01-13,29.82,13,8,26.5,logistics,0,0.142
C00570,Nigeria,Port Harcourt,2024-02-07,35.24,20,11,25.6,delivery,0,0.0372
C00571,Kenya,Kisumu,2026-02-15,38.96,9,0,1.0,logistics,0,0.0044
C00572,Rwanda,Gisenyi,2026-02-12,67.99,25,24,1.1,commuter,0,0.1712
C00573,Kenya,Mombasa,2024-08-13,22.55,4,32,19.4,commuter,1,0.23
C00574,Kenya,Nakuru,2025-04-16,38.0,16,9,11.2,commuter,0,0.084
C00575,Kenya,Mombasa,2025-01-05,80.98,26,14,14.5,casual,0,0.0667
C00576,Nigeria,Abuja,2025-11-20,53.29,14,30,3.9,logistics,1,0.2107
C00577,Uganda,Entebbe,2024-08-06,58.29,12,14,19.6,delivery,0,0.1768
C00578,Uganda,Jinja,2025-12-30,14.5,9,1,2.6,casual,0,0.0715
C00579,Nigeria,Kano,2023-12-02,62.35,14,10,27.9,casual,0,0.0524
C00580,Kenya,Kisumu,2024-05-29,52.72,27,11,21.9,delivery,0,0.0625
C00581,Kenya,Nakuru,2025-09-17,18.2,16,6,6.0,casual,0,0.003
C00582,Rwanda,Gisenyi,2025-06-15,46.53,18,16,9.2,casual,0,0.1316
C00583,Uganda,Entebbe,2024-11-13,36.52,21,32,16.3,logistics,0,0.1789
C00584,Kenya,Mombasa,2023-03-31,27.17,6,31,36.1,logistics,0,0.1526
C00585,Kenya,Kisumu,2024-06-29,14.87,25,7,20.9,casual,0,0.0595
C00586,Kenya,Nakuru,2024-08-18,58.56,19,1,19.2,commuter,0,0.0308
C00587,Kenya,Nairobi,2024-07-04,43.14,22,50,20.7,commuter,1,0.2539
C00588,Nigeria,Kano,2023-07-08,45.87,7,21,32.8,logistics,0,0.1561
C00589,Nigeria,Lagos,2025-12-15,28.25,30,1,3.1,commuter,0,0.0756
C00590,Nigeria,Abuja,2023-07-31,43.17,23,30,32.0,commuter,0,0.2175
C00591,Kenya,Mombasa,2024-10-09,8.37,31,24,17.5,commuter,0,0.1369
C00592,Nigeria,Abuja,2024-04-18,103.09,8,8,23.3,logistics,0,0.0827
C00593,Kenya,Nairobi,2024-02-27,44.25,9,10,25.0,logistics,0,0.1119
C00594,Uganda,Jinja,2025-10-18,59.32,19,6,5.0,logistics,0,0.1101
C00595,Kenya,Kisumu,2025-05-01,29.43,14,0,10.7,casual,0,0.0528
C00596,Nigeria,Abuja,2024-12-03,92.36,16,4,15.6,commuter,0,0.0658
C00597,Nigeria,Kano,2023-05-27,100.61,8,19,34.2,commuter,0,0.0821
C00598,Kenya,Mombasa,2025-04-19,40.53,14,0,11.1,logistics,0,0.1043
C00599,Rwanda,Butare,2023-10-02,44.61,17,4,29.9,commuter,0,0.0
C00600,Nigeria,Port Harcourt,2025-07-18,65.08,10,6,8.1,delivery,0,0.0713
C00601,Nigeria,Kano,2026-03-14,43.41,12,9,0.1,commuter,0,0.1797
C00602,Nigeria,Port Harcourt,2025-06-08,10.18,16,30,9.4,commuter,0,0.2349
C00603,Rwanda,Gisenyi,2024-05-15,36.64,21,5,22.4,delivery,0,0.129
C00604,Kenya,Nairobi,2024-09-10,49.16,13,5,18.4,casual,0,0.0002
C00605,Rwanda,Kigali,2024-03-08,32.95,14,16,24.6,commuter,0,0.0729
C00606,Kenya,Mombasa,2026-01-03,38.26,19,7,2.4,delivery,1,0.1096
C00607,Kenya,Nakuru,2024-12-17,32.98,11,3,15.2,commuter,0,0.0446
C00608,Kenya,Mombasa,2025-01-06,31.8,9,7,14.5,casual,0,0.0
C00609,Rwanda,Kigali,2025-11-19,25.94,27,1,3.9,commuter,0,0.1301
C00610,Rwanda,Butare,2025-05-12,23.75,7,2,10.3,commuter,0,0.0666
C00611,Uganda,Jinja,2023-12-05,68.71,24,8,27.8,delivery,0,0.0
C00612,Nigeria,Abuja,2025-01-03,42.69,10,6,14.6,logistics,0,0.0529
C00613,Nigeria,Port Harcourt,2024-07-01,53.06,15,29,20.8,delivery,0,0.1837
C00614,Nigeria,Port Harcourt,2023-03-22,61.52,32,5,36.4,logistics,0,0.0
C00615,Rwanda,Butare,2024-07-31,46.7,11,10,19.8,delivery,0,0.068
C00616,Kenya,Kisumu,2024-05-17,20.63,13,12,22.3,commuter,0,0.1189
C00617,Rwanda,Butare,2024-05-03,27.08,13,0,22.8,delivery,0,0.0577
C00618,Kenya,Kisumu,2025-03-06,44.37,31,13,12.5,logistics,0,0.1053
C00619,Uganda,Jinja,2024-03-15,6.48,12,2,24.4,delivery,0,0.0308
C00620,Kenya,Mombasa,2025-08-06,49.12,19,38,7.4,casual,1,0.3301
C00621,Nigeria,Abuja,2023-11-16,42.15,7,1,28.4,commuter,0,0.0343
C00622,Nigeria,Kano,2025-12-29,34.31,30,6,2.6,commuter,0,0.1068
C00623,Uganda,Entebbe,2025-03-31,25.85,29,1,11.7,delivery,0,0.0
C00624,Rwanda,Gisenyi,2024-01-22,63.13,27,69,26.2,commuter,0,0.3059
C00625,Kenya,Nairobi,2024-06-24,35.2,26,8,21.0,casual,0,0.0105
C00626,Uganda,Jinja,2026-02-11,69.66,15,10,1.1,casual,0,0.112
C00627,Kenya,Kisumu,2024-03-11,65.35,23,0,24.5,casual,0,0.0466
C00628,Rwanda,Kigali,2024-09-02,50.54,19,16,18.7,casual,0,0.041
C00629,Nigeria,Abuja,2024-01-16,5.0,9,2,26.4,casual,0,0.0
C00630,Kenya,Nairobi,2023-07-06,42.96,23,27,32.8,delivery,0,0.144
C00631,Kenya,Nairobi,2026-01-15,46.35,14,2,2.0,delivery,0,0.0266
C00632,Nigeria,Abuja,2024-05-20,72.07,20,2,22.2,commuter,0,0.0634
C00633,Kenya,Nairobi,2026-02-26,46.09,28,0,0.6,logistics,0,0.1187
C00634,Nigeria,Lagos,2024-02-05,72.23,15,7,25.7,delivery,0,0.0917
C00635,Kenya,Kisumu,2024-10-14,21.03,15,9,17.3,casual,0,0.1489
C00636,Nigeria,Lagos,2023-03-25,43.66,18,0,36.3,logistics,0,0.0
C00637,Kenya,Nairobi,2024-04-05,69.17,22,17,23.7,commuter,0,0.0291
C00638,Kenya,Nakuru,2025-02-24,11.03,19,7,12.9,commuter,0,0.1179
C00639,Uganda,Entebbe,2023-11-24,59.84,12,8,28.1,commuter,0,0.0655
C00640,Kenya,Kisumu,2023-09-08,64.54,14,6,30.7,logistics,0,0.0646
C00641,Nigeria,Kano,2023-11-25,35.67,14,6,28.1,logistics,0,0.087
C00642,Uganda,Kampala,2023-06-02,42.11,34,9,34.0,logistics,0,0.0
C00643,Uganda,Jinja,2023-07-14,63.95,27,2,32.6,delivery,0,0.0
C00644,Nigeria,Abuja,2025-02-28,41.48,13,2,12.7,casual,0,0.0725
C00645,Nigeria,Abuja,2024-03-25,31.34,10,23,24.1,delivery,0,0.121
C00646,Nigeria,Abuja,2025-06-30,33.92,13,35,8.7,commuter,1,0.1759
C00647,Nigeria,Lagos,2024-07-17,58.85,30,5,20.3,casual,0,0.0391
C00648,Uganda,Entebbe,2024-10-31,48.49,3,3,16.7,logistics,0,0.1594
C00649,Kenya,Mombasa,2024-06-24,54.01,21,12,21.0,delivery,0,0.0751
C00650,Nigeria,Abuja,2023-09-19,20.31,15,6,30.3,casual,0,0.0
C00651,Kenya,Nakuru,2024-09-07,40.88,11,0,18.5,delivery,0,0.0667
C00652,Kenya,Nakuru,2024-07-11,28.23,18,2,20.5,casual,0,0.0155
C00653,Kenya,Mombasa,2024-02-01,45.33,15,15,25.8,casual,0,0.2089
C00654,Nigeria,Port Harcourt,2026-02-15,21.82,24,12,1.0,casual,0,0.0889
C00655,Rwanda,Butare,2023-04-27,22.33,11,0,35.2,commuter,0,0.0
C00656,Nigeria,Port Harcourt,2025-05-12,32.79,4,3,10.3,delivery,0,0.1438
C00657,Nigeria,Port Harcourt,2025-06-28,50.07,18,3,8.7,delivery,0,0.0
C00658,Kenya,Nakuru,2024-07-09,64.91,27,13,20.5,delivery,0,0.015
C00659,Nigeria,Lagos,2025-11-06,30.65,4,0,4.4,commuter,0,0.0477
C00660,Kenya,Mombasa,2024-04-04,50.89,13,1,23.7,casual,1,0.0452
C00661,Nigeria,Abuja,2025-05-24,50.79,16,19,9.9,delivery,0,0.1086
C00662,Rwanda,Kigali,2025-03-09,68.26,27,2,12.4,commuter,0,0.0822
C00663,Nigeria,Port Harcourt,2025-04-26,37.91,0,12,10.8,commuter,0,0.4574
C00664,Rwanda,Butare,2026-03-06,38.12,9,3,0.4,delivery,0,0.0746
C00665,Kenya,Nairobi,2023-05-10,31.44,21,1,34.7,commuter,0,0.0
C00666,Uganda,Kampala,2025-12-12,25.56,30,3,3.2,casual,1,0.071
C00667,Uganda,Jinja,2024-06-01,53.7,9,15,21.8,casual,0,0.0695
C00668,Nigeria,Lagos,2025-05-25,45.52,17,23,9.9,logistics,0,0.1564
C00669,Nigeria,Abuja,2025-08-30,54.72,19,21,6.6,logistics,0,0.1488
C00670,Kenya,Nairobi,2024-03-17,40.96,25,6,24.3,logistics,0,0.0435
C00671,Nigeria,Abuja,2023-09-18,74.27,16,13,30.4,logistics,0,0.0456
C00672,Kenya,Nakuru,2024-12-11,48.74,23,2,15.4,commuter,0,0.0
C00673,Kenya,Mombasa,2025-09-25,70.68,28,4,5.8,delivery,0,0.0431
C00674,Nigeria,Lagos,2025-06-26,61.35,0,27,8.8,commuter,0,0.5002
C00675,Nigeria,Kano,2024-08-05,13.68,24,0,19.6,delivery,0,0.0075
C00676,Nigeria,Port Harcourt,2023-07-27,68.51,8,1,32.1,delivery,0,0.0015
C00677,Uganda,Kampala,2023-12-30,32.11,0,2,26.9,commuter,0,0.3962
C00678,Rwanda,Kigali,2025-11-07,45.04,26,0,4.3,logistics,0,0.0
C00679,Kenya,Mombasa,2025-07-08,57.03,18,2,8.4,logistics,0,0.0403
C00680,Rwanda,Kigali,2026-02-02,76.18,15,10,1.4,commuter,0,0.079
C00681,Rwanda,Kigali,2023-08-10,37.08,24,6,31.7,delivery,0,0.0
C00682,Nigeria,Port Harcourt,2024-10-02,9.58,25,26,17.7,casual,0,0.1073
C00683,Uganda,Kampala,2025-11-13,52.74,13,20,4.1,delivery,0,0.1603
C00684,Nigeria,Kano,2023-06-05,29.52,22,5,33.9,delivery,0,0.0
C00685,Kenya,Nairobi,2023-08-17,35.72,24,3,31.4,delivery,0,0.0
C00686,Nigeria,Kano,2024-11-15,42.68,16,5,16.2,casual,0,0.0117
C00687,Kenya,Mombasa,2024-09-11,21.58,28,10,18.4,logistics,0,0.0429
C00688,Rwanda,Kigali,2026-02-21,65.78,24,3,0.8,casual,1,0.0507
C00689,Uganda,Kampala,2023-11-10,59.98,33,11,28.6,delivery,0,0.0306
C00690,Rwanda,Kigali,2026-02-23,23.21,25,6,0.7,delivery,0,0.0
C00691,Kenya,Nairobi,2025-03-20,17.45,21,9,12.1,commuter,0,0.0752
C00692,Kenya,Nairobi,2024-01-22,44.77,28,6,26.2,commuter,0,0.0725
C00693,Nigeria,Kano,2024-03-05,37.06,14,4,24.7,casual,0,0.0405
C00694,Nigeria,Kano,2026-02-03,59.08,21,35,1.4,commuter,1,0.2715
C00695,Kenya,Kisumu,2024-05-22,31.37,16,17,22.1,delivery,0,0.1816
C00696,Kenya,Kisumu,2024-04-24,33.66,16,1,23.1,commuter,0,0.0104
C00697,Kenya,Nairobi,2025-12-05,60.39,22,24,3.4,casual,0,0.1484
C00698,Nigeria,Kano,2024-01-20,8.61,16,8,26.2,commuter,0,0.0695
C00699,Uganda,Entebbe,2024-10-03,37.76,17,26,17.7,logistics,1,0.1782
C00700,Nigeria,Port Harcourt,2024-08-22,18.62,1,19,19.1,logistics,1,0.3144
C00701,Uganda,Entebbe,2023-05-11,61.34,32,6,34.7,casual,0,0.0
C00702,Kenya,Nakuru,2025-04-08,76.29,24,0,11.4,logistics,0,0.0714
C00703,Rwanda,Gisenyi,2023-10-06,25.88,14,3,29.8,commuter,0,0.0
C00704,Rwanda,Gisenyi,2024-03-08,60.91,9,9,24.6,delivery,0,0.0828
C00705,Nigeria,Port Harcourt,2024-11-22,32.76,22,12,16.0,casual,0,0.1091
C00706,Nigeria,Kano,2024-11-25,22.85,13,3,15.9,commuter,0,0.0393
C00707,Rwanda,Gisenyi,2024-07-11,26.43,14,1,20.5,casual,0,0.0
C00708,Kenya,Nakuru,2025-04-14,34.02,21,21,11.2,casual,0,0.1521
C00709,Kenya,Nairobi,2023-11-11,72.95,25,49,28.6,commuter,0,0.3131
C00710,Rwanda,Gisenyi,2025-08-29,19.69,23,8,6.7,casual,0,0.1378
C00711,Kenya,Kisumu,2023-04-06,35.16,30,2,35.9,logistics,0,0.0
C00712,Uganda,Jinja,2024-12-23,8.58,38,3,15.0,delivery,0,0.0412
C00713,Uganda,Kampala,2024-12-25,29.53,24,0,14.9,logistics,0,0.0983
C00714,Kenya,Kisumu,2023-12-23,54.19,21,29,27.2,casual,0,0.1104
C00715,Nigeria,Port Harcourt,2023-07-20,29.02,22,1,32.4,casual,0,0.0
C00716,Rwanda,Butare,2024-04-20,55.78,20,10,23.2,delivery,0,0.0302
C00717,Kenya,Nairobi,2026-01-30,39.02,15,3,1.5,delivery,0,0.1406
C00718,Kenya,Nakuru,2026-01-26,27.55,27,9,1.7,casual,0,0.0232
C00719,Nigeria,Port Harcourt,2025-04-06,22.23,17,12,11.5,commuter,0,0.0557
C00720,Nigeria,Abuja,2026-02-23,50.21,17,21,0.7,logistics,0,0.1367
C00721,Kenya,Nairobi,2025-08-18,19.42,13,2,7.0,delivery,0,0.1125
C00722,Rwanda,Gisenyi,2024-03-04,58.46,38,0,24.8,casual,0,0.0
C00723,Nigeria,Lagos,2024-07-27,45.76,28,1,19.9,logistics,0,0.0
C00724,Nigeria,Kano,2025-10-14,22.08,17,27,5.1,casual,0,0.1914
C00725,Nigeria,Kano,2025-08-17,5.0,26,24,7.1,logistics,1,0.1775
C00726,Rwanda,Gisenyi,2024-12-20,30.8,17,10,15.1,commuter,0,0.1507
C00727,Nigeria,Kano,2025-05-02,54.11,9,11,10.6,logistics,0,0.1107
C00728,Kenya,Kisumu,2024-12-22,52.27,17,13,15.0,delivery,0,0.1336
C00729,Uganda,Jinja,2025-07-17,56.4,24,2,8.1,casual,0,0.0673
C00730,Kenya,Nairobi,2024-09-17,31.91,16,29,18.2,delivery,1,0.1855
C00731,Rwanda,Butare,2025-09-21,46.69,13,6,5.9,logistics,0,0.0259
C00732,Kenya,Kisumu,2025-03-24,54.41,18,5,11.9,casual,0,0.0381
C00733,Nigeria,Port Harcourt,2025-03-29,44.27,6,8,11.8,casual,0,0.0666
C00734,Kenya,Nakuru,2024-06-21,41.43,34,0,21.1,logistics,0,0.0112
C00735,Uganda,Jinja,2024-10-14,52.84,17,2,17.3,logistics,0,0.0
C00736,Kenya,Kisumu,2023-12-08,41.71,20,16,27.7,casual,0,0.0359
C00737,Rwanda,Gisenyi,2024-05-05,46.38,28,1,22.7,delivery,0,0.0135
C00738,Kenya,Nairobi,2023-03-24,23.37,12,11,36.3,commuter,0,0.0
C00739,Nigeria,Port Harcourt,2024-06-10,27.77,27,3,21.5,commuter,0,0.0194
C00740,Uganda,Jinja,2025-01-22,49.74,22,5,14.0,commuter,0,0.032
C00741,Rwanda,Kigali,2025-11-13,66.0,23,4,4.1,delivery,0,0.0148
C00742,Uganda,Jinja,2025-02-07,66.49,20,5,13.4,commuter,0,0.095
C00743,Nigeria,Kano,2024-09-27,48.35,7,15,17.9,commuter,0,0.0829
C00744,Kenya,Nairobi,2023-06-01,18.18,13,4,34.0,logistics,0,0.0343
C00745,Kenya,Nairobi,2023-04-22,5.0,19,10,35.3,delivery,0,0.0
C00746,Nigeria,Port Harcourt,2024-01-18,37.79,20,7,26.3,logistics,0,0.1014
C00747,Kenya,Nairobi,2024-01-25,71.23,23,13,26.1,commuter,0,0.0609
C00748,Uganda,Jinja,2024-11-12,41.55,15,33,16.3,casual,0,0.2128
C00749,Nigeria,Port Harcourt,2023-03-17,26.86,19,15,36.5,delivery,0,0.0308
C00750,Kenya,Nakuru,2025-12-14,12.4,24,2,3.1,logistics,0,0.1101
C00751,Nigeria,Port Harcourt,2025-01-21,102.73,26,0,14.0,logistics,0,0.0
C00752,Kenya,Nakuru,2023-12-26,31.3,18,3,27.1,commuter,0,0.0
C00753,Uganda,Jinja,2023-03-25,55.06,28,10,36.3,commuter,0,0.0692
C00754,Uganda,Entebbe,2023-03-24,29.61,18,0,36.3,delivery,0,0.0
C00755,Nigeria,Lagos,2025-07-21,51.86,8,8,8.0,commuter,0,0.0
C00756,Kenya,Nairobi,2024-08-08,45.09,12,10,19.5,delivery,0,0.1446
C00757,Rwanda,Gisenyi,2023-12-12,5.0,16,4,27.5,delivery,0,0.0596
C00758,Uganda,Kampala,2025-09-11,28.75,17,17,6.2,commuter,1,0.0822
C00759,Kenya,Mombasa,2024-08-11,70.37,19,1,19.4,delivery,1,0.0976
C00760,Rwanda,Kigali,2025-04-14,26.18,19,0,11.2,delivery,0,0.0172
C00761,Kenya,Mombasa,2025-09-26,15.59,24,15,5.7,delivery,0,0.1999
C00762,Kenya,Mombasa,2023-06-29,41.97,19,8,33.1,commuter,0,0.0
C00763,Kenya,Nakuru,2023-05-23,53.52,24,13,34.3,delivery,0,0.0547
C00764,Kenya,Nakuru,2024-01-23,56.58,18,6,26.1,commuter,0,0.0197
C00765,Kenya,Nairobi,2025-06-22,38.51,9,3,8.9,casual,0,0.064
C00766,Nigeria,Abuja,2024-11-30,72.06,21,20,15.7,delivery,0,0.1556
C00767,Uganda,Jinja,2024-01-09,36.31,9,19,26.6,logistics,1,0.097
C00768,Kenya,Nairobi,2025-04-12,20.75,14,14,11.3,commuter,0,0.1037
C00769,Nigeria,Abuja,2024-07-06,20.37,20,3,20.6,delivery,0,0.031
C00770,Nigeria,Port Harcourt,2024-11-14,50.74,14,10,16.3,commuter,0,0.0819
C00771,Nigeria,Kano,2025-11-25,48.44,23,5,3.7,commuter,0,0.0033
C00772,Rwanda,Gisenyi,2023-11-13,19.66,24,1,28.5,commuter,0,0.0702
C00773,Kenya,Mombasa,2026-01-24,40.69,9,29,1.7,logistics,0,0.2149
C00774,Kenya,Nairobi,2024-09-04,55.64,17,1,18.6,delivery,0,0.0456
C00775,Kenya,Mombasa,2024-11-04,66.37,22,36,16.6,casual,1,0.2517
C00776,Kenya,Kisumu,2023-05-15,51.45,25,7,34.6,logistics,0,0.0647
C00777,Kenya,Mombasa,2024-01-09,67.87,20,2,26.6,casual,0,0.0005
C00778,Kenya,Kisumu,2023-06-16,53.58,19,9,33.5,delivery,0,0.063
C00779,Nigeria,Abuja,2024-06-10,75.39,25,24,21.5,casual,0,0.0
C00780,Kenya,Nakuru,2024-11-08,49.02,18,15,16.5,delivery,0,0.0628
C00781,Uganda,Jinja,2023-08-30,82.6,13,19,31.0,casual,1,0.1292
C00782,Rwanda,Gisenyi,2025-01-27,33.83,26,12,13.8,commuter,0,0.0994
C00783,Nigeria,Abuja,2024-03-19,71.1,24,14,24.3,logistics,0,0.0507
C00784,Kenya,Nairobi,2025-08-31,27.77,28,22,6.6,casual,1,0.1629
C00785,Uganda,Jinja,2023-05-06,5.0,8,3,34.9,delivery,0,0.0
C00786,Rwanda,Butare,2025-09-02,47.22,10,8,6.5,commuter,1,0.0524
C00787,Kenya,Kisumu,2025-01-29,30.19,17,3,13.7,delivery,0,0.0505
C00788,Rwanda,Kigali,2025-09-28,17.15,13,52,5.7,logistics,0,0.2918
C00789,Uganda,Kampala,2026-01-18,30.06,23,34,1.9,commuter,0,0.2775
C00790,Nigeria,Abuja,2024-12-27,49.37,22,0,14.8,casual,0,0.0607
C00791,Rwanda,Gisenyi,2024-08-25,64.34,10,14,19.0,logistics,0,0.1054
C00792,Nigeria,Port Harcourt,2024-02-21,14.56,18,31,25.2,casual,0,0.174
C00793,Nigeria,Lagos,2024-01-13,23.21,20,2,26.5,logistics,0,0.0544
C00794,Rwanda,Gisenyi,2024-09-22,10.67,24,10,18.0,casual,0,0.0
C00795,Kenya,Nakuru,2023-03-20,56.9,15,29,36.4,delivery,0,0.142
C00796,Nigeria,Abuja,2023-07-27,42.67,8,0,32.1,delivery,0,0.0
C00797,Nigeria,Port Harcourt,2024-09-16,20.7,21,14,18.2,delivery,0,0.0829
C00798,Rwanda,Gisenyi,2024-12-16,51.27,14,4,15.2,logistics,0,0.0138
C00799,Nigeria,Port Harcourt,2023-07-20,22.51,20,30,32.4,delivery,0,0.1635
C00800,Nigeria,Kano,2024-09-29,35.81,18,42,17.8,casual,0,0.2162
C00801,Uganda,Jinja,2024-04-18,70.23,13,34,23.3,delivery,0,0.1544
C00802,Kenya,Nairobi,2024-07-13,92.25,24,7,20.4,logistics,0,0.0555
C00803,Kenya,Mombasa,2025-12-06,40.58,17,23,3.4,delivery,0,0.1591
C00804,Nigeria,Lagos,2024-07-23,60.08,24,22,20.1,delivery,0,0.0959
C00805,Uganda,Entebbe,2024-12-03,71.55,33,4,15.6,logistics,0,0.0
C00806,Nigeria,Kano,2024-11-29,38.88,30,21,15.8,delivery,0,0.1082
C00807,Rwanda,Gisenyi,2024-08-13,61.21,14,0,19.4,delivery,0,0.0
C00808,Nigeria,Lagos,2025-07-24,17.91,15,10,7.9,casual,0,0.1505
C00809,Kenya,Kisumu,2025-10-10,69.25,21,3,5.3,logistics,0,0.0379
C00810,Kenya,Nairobi,2025-07-05,38.61,11,1,8.5,commuter,0,0.0517
C00811,Uganda,Entebbe,2025-08-09,50.38,24,0,7.3,logistics,0,0.0
C00812,Kenya,Nakuru,2024-09-18,18.54,13,14,18.2,logistics,0,0.1334
C00813,Kenya,Nakuru,2024-01-27,50.43,16,4,26.0,casual,0,0.0138
C00814,Kenya,Nakuru,2025-12-26,25.68,17,15,2.7,commuter,0,0.0885
C00815,Kenya,Kisumu,2026-01-27,9.27,20,0,1.6,casual,0,0.0829
C00816,Kenya,Nakuru,2025-08-05,44.44,14,4,7.5,casual,0,0.0453
C00817,Rwanda,Kigali,2025-07-20,55.66,31,9,8.0,logistics,0,0.071
C00818,Rwanda,Butare,2024-10-30,65.27,7,18,16.8,commuter,0,0.1465
C00819,Kenya,Kisumu,2025-10-02,77.83,14,4,5.5,casual,0,0.0095
C00820,Kenya,Mombasa,2024-10-21,49.5,30,11,17.1,commuter,0,0.0856
C00821,Nigeria,Kano,2025-02-14,24.71,14,26,13.2,commuter,0,0.2176
C00822,Kenya,Nairobi,2023-06-22,26.37,20,11,33.3,logistics,0,0.0069
C00823,Nigeria,Abuja,2024-05-02,41.29,20,3,22.8,commuter,0,0.0
C00824,Kenya,Nairobi,2025-12-23,64.6,6,0,2.8,commuter,0,0.0919
C00825,Nigeria,Abuja,2024-11-30,9.84,14,24,15.7,logistics,0,0.1882
C00826,Kenya,Kisumu,2024-09-11,20.77,19,0,18.4,logistics,0,0.0117
C00827,Rwanda,Butare,2023-09-08,23.73,31,24,30.7,delivery,0,0.1204
C00828,Rwanda,Gisenyi,2025-01-15,51.26,8,9,14.2,commuter,0,0.0383
C00829,Nigeria,Lagos,2023-12-09,52.1,20,33,27.6,delivery,0,0.2033
C00830,Rwanda,Gisenyi,2025-04-24,46.82,0,19,10.9,logistics,1,0.4955
C00831,Kenya,Nairobi,2025-06-29,51.13,32,74,8.7,delivery,1,0.4304
C00832,Uganda,Entebbe,2025-08-19,55.06,14,5,7.0,casual,0,0.0007
C00833,Rwanda,Kigali,2024-03-19,46.54,20,17,24.3,logistics,0,0.0506
C00834,Kenya,Kisumu,2024-09-17,24.63,12,6,18.2,delivery,0,0.0
C00835,Nigeria,Abuja,2023-08-14,51.67,24,7,31.5,logistics,0,0.0948
C00836,Kenya,Mombasa,2024-05-12,63.8,15,11,22.5,commuter,0,0.067
C00837,Nigeria,Abuja,2024-01-29,55.77,17,24,25.9,delivery,0,0.1203
C00838,Uganda,Jinja,2025-09-01,43.32,7,49,6.6,commuter,1,0.339
C00839,Kenya,Kisumu,2025-11-27,63.78,17,17,3.7,logistics,0,0.0961
C00840,Kenya,Nairobi,2025-08-12,43.35,10,6,7.2,logistics,0,0.089
C00841,Nigeria,Lagos,2024-11-05,63.26,22,6,16.6,casual,0,0.01
C00842,Kenya,Nakuru,2023-12-28,58.17,15,16,27.0,commuter,0,0.1751
C00843,Uganda,Entebbe,2024-07-28,60.98,15,3,19.9,casual,0,0.1094
C00844,Nigeria,Lagos,2023-06-20,47.16,23,1,33.4,commuter,0,0.0131
C00845,Rwanda,Kigali,2024-01-03,89.96,26,5,26.8,commuter,0,0.0
C00846,Kenya,Nakuru,2024-07-03,65.54,17,4,20.7,logistics,0,0.0
C00847,Rwanda,Gisenyi,2026-01-30,60.83,16,4,1.5,logistics,0,0.0281
C00848,Kenya,Nakuru,2023-06-13,6.82,22,3,33.6,delivery,0,0.0129
C00849,Kenya,Nairobi,2023-09-04,55.22,11,0,30.8,logistics,0,0.0287
C00850,Kenya,Nairobi,2023-04-12,46.89,19,0,35.7,casual,0,0.0
C00851,Rwanda,Kigali,2023-04-16,39.29,26,52,35.5,commuter,0,0.1636
C00852,Uganda,Kampala,2023-03-24,44.32,32,6,36.3,casual,0,0.0
C00853,Kenya,Nakuru,2023-09-01,40.44,19,5,30.9,delivery,0,0.0416
C00854,Nigeria,Abuja,2025-05-29,68.68,15,13,9.7,casual,0,0.1588
C00855,Nigeria,Port Harcourt,2025-05-20,10.07,20,2,10.0,casual,0,0.0014
C00856,Nigeria,Kano,2023-08-11,44.25,19,35,31.6,commuter,1,0.1164
C00857,Kenya,Kisumu,2025-09-21,27.75,27,18,5.9,commuter,0,0.2417
C00858,Nigeria,Kano,2023-07-08,51.38,16,1,32.8,delivery,0,0.0
C00859,Nigeria,Lagos,2023-07-04,50.6,17,6,32.9,logistics,0,0.0
C00860,Kenya,Nakuru,2024-03-03,60.37,4,25,24.8,casual,0,0.1415
C00861,Nigeria,Kano,2024-02-03,32.12,23,34,25.8,delivery,0,0.0835
C00862,Kenya,Kisumu,2023-04-17,30.6,21,7,35.5,delivery,0,0.0411
C00863,Nigeria,Lagos,2023-12-12,56.99,11,11,27.5,casual,0,0.0582
C00864,Rwanda,Gisenyi,2025-06-07,50.46,18,2,9.4,commuter,0,0.0329
C00865,Nigeria,Kano,2023-03-28,74.51,23,56,36.2,logistics,0,0.2123
C00866,Nigeria,Kano,2023-05-21,46.91,10,3,34.4,casual,0,0.0314
C00867,Kenya,Nakuru,2024-01-13,34.27,10,34,26.5,delivery,0,0.2344
C00868,Nigeria,Abuja,2024-08-01,27.78,11,12,19.8,logistics,0,0.0095
C00869,Uganda,Jinja,2024-02-26,57.75,5,11,25.0,commuter,0,0.1996
C00870,Nigeria,Kano,2026-02-11,21.77,13,8,1.1,logistics,0,0.1241
C00871,Rwanda,Butare,2024-09-01,30.83,30,3,18.7,logistics,0,0.0569
C00872,Nigeria,Kano,2024-10-16,49.78,16,2,17.2,delivery,0,0.0018
C00873,Kenya,Mombasa,2024-11-10,49.52,12,2,16.4,commuter,0,0.0
C00874,Kenya,Kisumu,2023-08-23,50.08,22,2,31.2,delivery,0,0.0199
C00875,Nigeria,Lagos,2024-12-08,65.23,16,18,15.5,logistics,1,0.2189
C00876,Uganda,Entebbe,2025-11-23,49.45,26,5,3.8,casual,0,0.0342
C00877,Uganda,Jinja,2023-07-16,52.27,14,0,32.5,logistics,0,0.0
C00878,Nigeria,Lagos,2025-04-21,35.86,18,41,11.0,logistics,0,0.271
C00879,Rwanda,Gisenyi,2025-07-19,21.97,25,25,8.0,delivery,1,0.1727
C00880,Kenya,Kisumu,2024-12-06,63.8,13,31,15.5,casual,0,0.2046
C00881,Nigeria,Lagos,2025-07-17,37.33,25,63,8.1,delivery,0,0.3052
C00882,Kenya,Kisumu,2024-07-24,5.0,19,2,20.0,commuter,0,0.0151
C00883,Rwanda,Gisenyi,2023-08-05,46.83,16,6,31.8,casual,0,0.0799
C00884,Kenya,Kisumu,2025-02-27,31.68,27,17,12.8,delivery,0,0.0704
C00885,Uganda,Entebbe,2025-10-20,90.75,19,14,4.9,delivery,0,0.2267
C00886,Kenya,Mombasa,2023-08-01,27.29,27,2,32.0,casual,0,0.0
C00887,Rwanda,Butare,2025-04-04,67.39,8,20,11.6,logistics,0,0.2148
C00888,Rwanda,Kigali,2024-03-14,37.58,23,3,24.4,logistics,0,0.0
C00889,Nigeria,Kano,2024-06-15,40.94,18,3,21.3,delivery,0,0.0946
C00890,Kenya,Mombasa,2023-05-14,53.29,14,9,34.6,delivery,0,0.0
C00891,Kenya,Mombasa,2023-03-28,60.67,9,10,36.2,delivery,0,0.0511
C00892,Kenya,Kisumu,2024-04-19,29.77,19,10,23.2,delivery,0,0.0238
C00893,Kenya,Nakuru,2025-05-08,80.16,13,1,10.4,delivery,0,0.074
C00894,Uganda,Entebbe,2023-12-06,88.22,21,25,27.7,casual,1,0.1898
C00895,Nigeria,Kano,2025-10-28,71.82,32,3,4.7,casual,1,0.0953
C00896,Rwanda,Butare,2024-11-19,65.42,22,1,16.1,delivery,0,0.0
C00897,Kenya,Kisumu,2023-07-22,40.03,26,26,32.3,logistics,0,0.1724
C00898,Rwanda,Kigali,2023-10-06,70.88,12,37,29.8,logistics,1,0.2082
C00899,Uganda,Kampala,2025-09-12,15.99,8,23,6.2,commuter,0,0.1404
C00900,Nigeria,Kano,2023-12-03,64.97,25,19,27.8,casual,0,0.075
C00901,Rwanda,Gisenyi,2025-07-03,39.26,16,12,8.6,casual,0,0.0944
C00902,Uganda,Jinja,2025-07-07,42.94,35,9,8.4,commuter,0,0.034
C00903,Kenya,Nakuru,2023-10-30,39.16,25,1,29.0,delivery,0,0.0
C00904,Kenya,Nakuru,2025-06-25,79.25,31,6,8.8,logistics,0,0.0245
C00905,Rwanda,Butare,2025-05-08,50.64,21,5,10.4,logistics,0,0.0894
C00906,Rwanda,Butare,2024-08-04,47.58,15,3,19.7,logistics,0,0.1355
C00907,Nigeria,Port Harcourt,2023-08-09,57.24,14,15,31.7,casual,0,0.1485
C00908,Kenya,Mombasa,2023-10-18,43.96,22,8,29.4,delivery,0,0.0365
C00909,Rwanda,Butare,2024-05-28,73.51,28,1,21.9,casual,0,0.0
C00910,Nigeria,Lagos,2024-08-07,45.62,26,2,19.6,commuter,0,0.0
C00911,Kenya,Kisumu,2025-02-15,49.61,22,13,13.2,delivery,0,0.056
C00912,Nigeria,Lagos,2023-11-06,44.21,9,0,28.7,commuter,0,0.0
C00913,Kenya,Nakuru,2025-12-17,28.33,5,22,3.0,casual,0,0.2929
C00914,Kenya,Nairobi,2025-07-01,49.42,20,8,8.6,casual,0,0.0604
C00915,Nigeria,Kano,2026-03-14,43.39,18,7,0.1,logistics,0,0.1775
C00916,Uganda,Jinja,2024-03-11,40.03,28,10,24.5,commuter,0,0.0
C00917,Rwanda,Butare,2023-09-24,42.3,20,20,30.2,casual,0,0.1965
C00918,Kenya,Mombasa,2025-01-05,64.06,32,5,14.5,delivery,0,0.0249
C00919,Kenya,Nakuru,2023-08-18,38.45,29,13,31.4,casual,0,0.0267
C00920,Rwanda,Butare,2023-09-26,37.48,26,10,30.1,commuter,0,0.0
C00921,Rwanda,Gisenyi,2024-01-03,51.06,25,3,26.8,commuter,0,0.0
C00922,Rwanda,Butare,2026-03-15,54.2,12,25,0.1,commuter,0,0.1706
C00923,Nigeria,Port Harcourt,2024-09-03,33.41,9,19,18.7,commuter,0,0.107
C00924,Kenya,Nakuru,2024-08-07,5.0,29,12,19.6,delivery,0,0.1119
C00925,Nigeria,Kano,2025-05-27,56.92,11,22,9.8,commuter,1,0.1617
C00926,Nigeria,Port Harcourt,2024-03-04,50.4,11,24,24.8,logistics,0,0.1636
C00927,Kenya,Nairobi,2024-08-19,45.38,17,14,19.2,casual,0,0.0857
C00928,Kenya,Nakuru,2024-10-22,24.97,22,21,17.0,casual,0,0.0957
C00929,Rwanda,Butare,2024-08-23,34.94,14,14,19.0,delivery,1,0.1928
C00930,Kenya,Kisumu,2023-08-24,37.43,20,13,31.2,commuter,0,0.0303
C00931,Kenya,Nairobi,2023-10-26,54.68,25,11,29.1,casual,0,0.0035
C00932,Kenya,Kisumu,2025-05-25,11.12,11,16,9.9,logistics,0,0.0163
C00933,Kenya,Mombasa,2024-06-12,53.74,18,2,21.4,delivery,0,0.1536
C00934,Nigeria,Abuja,2026-02-24,49.76,14,25,0.7,delivery,0,0.1565
C00935,Kenya,Nakuru,2023-08-14,56.25,24,24,31.5,casual,0,0.1787
C00936,Uganda,Entebbe,2025-07-25,70.95,26,0,7.8,logistics,0,0.0498
C00937,Nigeria,Port Harcourt,2023-04-13,47.15,18,20,35.6,casual,0,0.0181
C00938,Rwanda,Gisenyi,2025-09-30,24.21,15,1,5.6,casual,0,0.0
C00939,Nigeria,Port Harcourt,2023-09-01,45.72,20,4,30.9,logistics,0,0.0682
C00940,Uganda,Entebbe,2024-05-08,47.81,21,16,22.6,logistics,0,0.0694
C00941,Nigeria,Port Harcourt,2024-11-05,59.71,19,2,16.6,delivery,0,0.0503
C00942,Nigeria,Kano,2023-11-12,60.45,30,20,28.5,casual,0,0.0374
C00943,Kenya,Kisumu,2025-09-03,41.98,11,21,6.5,logistics,0,0.0671
C00944,Rwanda,Kigali,2023-04-01,66.38,14,8,36.0,casual,0,0.0
C00945,Kenya,Mombasa,2023-11-22,56.63,25,0,28.2,delivery,0,0.0193
C00946,Kenya,Nairobi,2023-09-07,5.0,25,4,30.7,delivery,0,0.0
C00947,Kenya,Nairobi,2024-07-22,50.71,12,11,20.1,casual,0,0.107
C00948,Kenya,Kisumu,2025-09-02,53.47,21,47,6.5,logistics,0,0.2014
C00949,Uganda,Jinja,2023-06-01,62.19,11,11,34.0,casual,0,0.0567
C00950,Uganda,Kampala,2024-08-20,48.52,30,3,19.1,commuter,0,0.0109
C00951,Rwanda,Kigali,2024-06-08,34.13,18,12,21.6,logistics,0,0.0961
C00952,Rwanda,Gisenyi,2025-12-17,53.25,4,9,3.0,logistics,1,0.1677
C00953,Kenya,Mombasa,2024-08-20,53.66,21,18,19.1,casual,1,0.1891
C00954,Kenya,Mombasa,2025-06-03,39.15,24,1,9.6,logistics,0,0.0691
C00955,Nigeria,Abuja,2023-04-23,62.46,28,17,35.3,casual,0,0.019
C00956,Uganda,Entebbe,2024-01-02,51.12,26,9,26.8,commuter,0,0.0173
C00957,Nigeria,Lagos,2023-05-09,40.61,10,39,34.8,delivery,0,0.226
C00958,Nigeria,Port Harcourt,2024-04-24,51.93,19,5,23.1,commuter,0,0.0
C00959,Uganda,Jinja,2024-04-07,56.16,4,12,23.6,logistics,0,0.1757
C00960,Rwanda,Butare,2024-11-04,41.79,19,32,16.6,delivery,0,0.1805
C00961,Rwanda,Butare,2023-06-06,21.73,6,1,33.8,logistics,0,0.0
C00962,Uganda,Jinja,2024-06-16,27.41,14,33,21.3,commuter,0,0.2012
C00963,Nigeria,Port Harcourt,2023-04-11,40.4,7,13,35.7,commuter,0,0.1749
C00964,Nigeria,Kano,2025-04-25,84.76,6,0,10.9,commuter,0,0.0657
C00965,Uganda,Jinja,2025-07-21,33.82,15,4,8.0,commuter,0,0.085
C00966,Rwanda,Butare,2025-10-05,16.35,17,14,5.4,commuter,1,0.1865
C00967,Nigeria,Lagos,2024-02-11,5.0,24,0,25.5,delivery,0,0.0464
C00968,Kenya,Kisumu,2023-09-29,5.0,12,10,30.0,delivery,0,0.0
C00969,Rwanda,Gisenyi,2025-04-06,44.33,15,5,11.5,casual,0,0.0355
C00970,Kenya,Nakuru,2025-02-03,43.79,19,11,13.6,delivery,1,0.0691
C00971,Nigeria,Port Harcourt,2026-01-23,68.86,23,0,1.8,logistics,0,0.0094
C00972,Nigeria,Port Harcourt,2024-06-02,58.21,29,24,21.8,casual,0,0.1212
C00973,Rwanda,Kigali,2024-01-16,24.28,18,43,26.4,commuter,0,0.0862
C00974,Nigeria,Port Harcourt,2023-09-30,57.4,7,41,30.0,logistics,0,0.2356
C00975,Uganda,Kampala,2024-06-08,30.18,14,16,21.6,delivery,1,0.144
C00976,Kenya,Kisumu,2023-04-16,61.14,24,1,35.5,delivery,0,0.0
C00977,Kenya,Nakuru,2024-06-17,81.39,22,17,21.3,casual,0,0.12
C00978,Kenya,Kisumu,2024-10-04,36.95,20,0,17.6,logistics,0,0.0263
C00979,Nigeria,Kano,2025-05-13,49.0,10,0,10.3,casual,0,0.0451
C00980,Rwanda,Gisenyi,2023-04-18,20.88,5,4,35.5,casual,0,0.0697
C00981,Kenya,Nakuru,2025-10-19,42.08,20,8,5.0,commuter,0,0.0693
C00982,Uganda,Jinja,2024-04-16,27.91,28,17,23.3,logistics,0,0.0949
C00983,Nigeria,Lagos,2024-11-10,40.3,16,13,16.4,delivery,0,0.153
C00984,Rwanda,Gisenyi,2025-12-25,38.75,21,7,2.7,delivery,0,0.0803
C00985,Uganda,Entebbe,2025-09-15,48.09,13,3,6.1,logistics,0,0.0478
C00986,Nigeria,Lagos,2024-05-03,8.82,2,70,22.8,delivery,1,0.4763
C00987,Nigeria,Kano,2023-07-15,39.2,20,6,32.5,delivery,0,0.0706
C00988,Kenya,Nairobi,2024-06-30,42.15,28,7,20.8,commuter,0,0.1426
C00989,Nigeria,Kano,2025-08-05,56.88,28,2,7.5,logistics,0,0.0463
C00990,Kenya,Nairobi,2026-02-14,52.84,23,19,1.0,delivery,0,0.1706
C00991,Nigeria,Port Harcourt,2023-08-03,58.54,16,14,31.9,commuter,0,0.0285
C00992,Nigeria,Abuja,2026-03-11,65.77,19,2,0.2,commuter,0,0.0744
C00993,Kenya,Mombasa,2023-11-05,38.81,25,1,28.8,delivery,0,0.0519
C00994,Kenya,Mombasa,2024-07-01,57.87,20,13,20.8,casual,0,0.0154
C00995,Kenya,Nakuru,2023-04-21,69.32,16,12,35.4,casual,0,0.018
C00996,Kenya,Kisumu,2023-04-09,36.06,22,3,35.8,delivery,0,0.0
C00997,Nigeria,Kano,2026-03-04,73.31,21,36,0.4,commuter,0,0.208
C00998,Rwanda,Gisenyi,2024-11-14,39.12,13,1,16.3,logistics,0,0.0243
C00999,Uganda,Entebbe,2023-06-29,11.82,3,6,33.1,logistics,0,0.0777
C01000,Kenya,Nakuru,2025-12-25,31.13,24,34,2.7,delivery,0,0.217
C01001,Nigeria,Lagos,2025-02-23,43.71,18,6,12.9,casual,0,0.096
C01002,Rwanda,Gisenyi,2023-04-12,45.67,31,12,35.7,commuter,0,0.0734
C01003,Uganda,Jinja,2025-12-18,36.3,19,6,3.0,casual,0,0.1396
C01004,Kenya,Nairobi,2024-04-26,41.94,23,3,23.0,commuter,0,0.0517
C01005,Kenya,Nairobi,2023-12-18,46.44,7,49,27.3,logistics,0,0.2608
C01006,Rwanda,Kigali,2026-01-06,33.65,19,6,2.3,logistics,0,0.1516
C01007,Nigeria,Abuja,2024-10-07,96.82,19,26,17.5,casual,0,0.1357
C01008,Kenya,Mombasa,2025-07-24,38.33,13,3,7.9,delivery,0,0.0172
C01009,Kenya,Mombasa,2023-08-21,44.76,14,2,31.3,logistics,0,0.0896
C01010,Kenya,Nairobi,2024-01-15,30.65,29,0,26.4,logistics,0,0.0
C01011,Nigeria,Port Harcourt,2023-10-19,64.0,18,12,29.3,logistics,0,0.0159
C01012,Nigeria,Port Harcourt,2025-12-30,21.9,16,5,2.6,logistics,0,0.166
C01013,Nigeria,Lagos,2023-05-26,54.57,15,23,34.2,commuter,0,0.0859
C01014,Kenya,Kisumu,2024-12-04,63.5,26,7,15.6,delivery,1,0.0885
C01015,Uganda,Entebbe,2023-11-18,83.75,14,41,28.3,commuter,1,0.2176
C01016,Kenya,Nakuru,2024-06-26,60.2,21,2,21.0,logistics,0,0.0
C01017,Rwanda,Kigali,2024-06-05,55.35,21,24,21.7,delivery,0,0.119
C01018,Uganda,Jinja,2024-05-13,50.07,9,17,22.4,commuter,0,0.0547
C01019,Kenya,Nairobi,2025-10-17,60.18,15,17,5.0,commuter,0,0.2053
C01020,Uganda,Entebbe,2025-05-24,27.37,27,22,9.9,commuter,0,0.17
C01021,Nigeria,Lagos,2024-04-02,40.09,25,17,23.8,commuter,0,0.1531
C01022,Nigeria,Port Harcourt,2025-04-26,62.02,22,11,10.8,logistics,0,0.0
C01023,Nigeria,Lagos,2025-11-15,29.61,20,1,4.1,commuter,0,0.071
C01024,Nigeria,Abuja,2023-06-22,52.84,21,0,33.3,logistics,0,0.0
C01025,Nigeria,Port Harcourt,2023-11-04,48.84,22,30,28.8,logistics,0,0.1625
C01026,Kenya,Mombasa,2024-12-26,47.57,22,11,14.9,logistics,0,0.1154
C01027,Uganda,Jinja,2025-02-27,21.79,13,19,12.8,commuter,0,0.1938
C01028,Nigeria,Abuja,2024-04-29,52.55,28,7,22.9,commuter,0,0.0247
C01029,Kenya,Nakuru,2025-05-05,27.66,0,1,10.5,logistics,0,0.3894
C01030,Nigeria,Port Harcourt,2024-11-08,35.53,16,1,16.5,commuter,0,0.0535
C01031,Nigeria,Lagos,2023-12-01,27.2,10,13,27.9,logistics,0,0.04
C01032,Rwanda,Butare,2025-07-21,47.6,19,6,8.0,logistics,0,0.1085
C01033,Kenya,Kisumu,2024-06-08,53.75,19,2,21.6,logistics,0,0.0118
C01034,Kenya,Nairobi,2024-02-06,56.45,20,8,25.7,logistics,0,0.0766
C01035,Rwanda,Butare,2025-03-10,52.78,14,0,12.4,commuter,0,0.0526
C01036,Kenya,Mombasa,2023-09-20,55.56,9,10,30.3,delivery,1,0.1165
C01037,Kenya,Mombasa,2023-07-18,33.14,23,3,32.4,casual,0,0.0206
C01038,Uganda,Kampala,2024-01-18,64.39,29,19,26.3,delivery,1,0.1554
C01039,Kenya,Nakuru,2023-05-04,39.61,12,4,34.9,delivery,0,0.0
C01040,Uganda,Entebbe,2025-12-31,55.96,20,7,2.5,logistics,1,0.0538
C01041,Uganda,Jinja,2024-01-15,81.76,15,0,26.4,commuter,0,0.0069
C01042,Kenya,Nakuru,2025-04-18,52.18,18,0,11.1,casual,0,0.0
C01043,Nigeria,Abuja,2025-11-17,37.4,24,5,4.0,logistics,0,0.0528
C01044,Nigeria,Lagos,2024-09-09,18.17,22,7,18.5,delivery,0,0.1534
C01045,Kenya,Kisumu,2024-03-12,29.39,21,10,24.5,commuter,0,0.103
C01046,Kenya,Nairobi,2024-09-18,73.89,16,4,18.2,commuter,0,0.1011
C01047,Nigeria,Kano,2026-03-02,26.93,22,14,0.5,casual,0,0.06
C01048,Kenya,Nakuru,2025-06-30,62.61,19,23,8.7,commuter,0,0.2325
C01049,Kenya,Nairobi,2024-01-13,54.19,2,18,26.5,delivery,1,0.2155
C01050,Kenya,Kisumu,2023-05-02,49.01,18,0,35.0,logistics,0,0.0565
C01051,Kenya,Mombasa,2025-11-16,75.07,18,7,4.0,logistics,1,0.0878
C01052,Kenya,Kisumu,2023-07-07,5.36,19,1,32.8,commuter,0,0.0
C01053,Nigeria,Abuja,2023-05-11,53.58,14,3,34.7,casual,0,0.0
C01054,Rwanda,Butare,2023-08-17,32.82,16,51,31.4,casual,0,0.2591
C01055,Rwanda,Gisenyi,2023-09-23,28.19,22,1,30.2,delivery,0,0.0
C01056,Kenya,Nairobi,2026-03-07,41.45,8,8,0.3,delivery,0,0.1336
C01057,Nigeria,Port Harcourt,2025-09-28,47.22,7,11,5.7,commuter,0,0.1189
C01058,Uganda,Kampala,2025-12-09,67.78,40,14,3.3,casual,0,0.0978
C01059,Uganda,Kampala,2023-05-22,51.19,17,9,34.3,casual,0,0.0
C01060,Nigeria,Kano,2026-01-15,58.37,21,0,2.0,commuter,0,0.0755
C01061,Rwanda,Gisenyi,2023-04-02,33.46,18,4,36.0,delivery,0,0.1074
C01062,Kenya,Nairobi,2023-11-03,64.55,12,8,28.8,logistics,1,0.0542
C01063,Uganda,Entebbe,2025-09-06,5.0,31,1,6.4,casual,0,0.0856
C01064,Uganda,Kampala,2023-10-23,58.59,21,5,29.2,casual,0,0.0368
C01065,Kenya,Kisumu,2025-07-31,26.86,14,0,7.6,delivery,1,0.0395
C01066,Nigeria,Port Harcourt,2026-03-09,31.75,14,0,0.3,casual,0,0.0529
C01067,Nigeria,Lagos,2023-08-16,43.82,12,6,31.5,logistics,0,0.0638
C01068,Kenya,Mombasa,2025-03-04,31.49,14,1,12.6,casual,0,0.0627
C01069,Nigeria,Abuja,2024-06-16,42.44,15,10,21.3,delivery,0,0.0611
C01070,Kenya,Kisumu,2023-06-27,39.9,17,14,33.1,delivery,0,0.0341
C01071,Uganda,Entebbe,2025-10-07,67.81,18,19,5.4,logistics,1,0.1711
C01072,Nigeria,Abuja,2024-01-30,44.79,18,2,25.9,commuter,0,0.0685
C01073,Nigeria,Port Harcourt,2023-05-03,23.13,26,2,35.0,commuter,0,0.0087
C01074,Rwanda,Kigali,2024-11-15,30.76,13,1,16.2,commuter,0,0.112
C01075,Kenya,Mombasa,2023-07-09,40.62,11,12,32.7,commuter,0,0.0126
C01076,Nigeria,Abuja,2024-12-29,47.66,16,14,14.8,commuter,0,0.162
C01077,Nigeria,Lagos,2025-11-28,40.42,14,0,3.6,delivery,1,0.0446
C01078,Nigeria,Lagos,2026-01-18,54.79,25,33,1.9,commuter,0,0.1468
C01079,Kenya,Kisumu,2025-12-19,22.18,21,0,2.9,delivery,0,0.1065
C01080,Kenya,Mombasa,2024-08-28,50.27,18,9,18.9,commuter,1,0.0722
C01081,Kenya,Mombasa,2025-03-27,42.23,16,14,11.8,delivery,0,0.1324
C01082,Rwanda,Kigali,2023-12-09,42.92,15,24,27.6,delivery,0,0.1303
C01083,Nigeria,Port Harcourt,2025-09-21,53.47,17,15,5.9,casual,0,0.1414
C01084,Nigeria,Lagos,2024-09-29,61.47,12,19,17.8,logistics,1,0.1619
C01085,Nigeria,Kano,2026-03-11,81.05,22,4,0.2,commuter,0,0.0144
C01086,Rwanda,Gisenyi,2025-07-31,61.3,26,20,7.6,casual,0,0.2549
C01087,Nigeria,Abuja,2025-02-03,32.4,27,1,13.6,casual,0,0.0642
C01088,Kenya,Nairobi,2024-06-20,34.51,11,27,21.2,delivery,0,0.1177
C01089,Nigeria,Lagos,2024-03-04,47.72,28,9,24.8,delivery,0,0.0742
C01090,Nigeria,Lagos,2024-04-08,35.65,23,20,23.6,casual,0,0.1458
C01091,Kenya,Nairobi,2024-11-27,47.17,29,7,15.8,delivery,0,0.1084
C01092,Kenya,Nairobi,2023-10-03,43.6,0,12,29.9,logistics,0,0.409
C01093,Rwanda,Kigali,2023-04-15,54.24,13,8,35.6,delivery,0,0.0228
C01094,Rwanda,Gisenyi,2025-11-03,67.38,16,15,4.5,logistics,0,0.0689
C01095,Kenya,Nairobi,2025-06-21,64.24,21,1,9.0,delivery,0,0.0639
C01096,Kenya,Mombasa,2023-10-04,43.31,7,0,29.8,delivery,0,0.0
C01097,Nigeria,Port Harcourt,2025-01-24,42.57,12,3,13.9,delivery,0,0.0505
C01098,Kenya,Nakuru,2025-07-20,31.72,23,2,8.0,casual,0,0.0477
C01099,Kenya,Kisumu,2025-04-25,36.25,21,24,10.9,delivery,0,0.1027
C01100,Rwanda,Butare,2023-10-01,52.69,25,2,29.9,logistics,0,0.0
C01101,Nigeria,Abuja,2024-06-13,34.42,17,44,21.4,casual,0,0.2016
C01102,Kenya,Mombasa,2023-04-29,55.5,17,4,35.1,commuter,0,0.0
C01103,Kenya,Kisumu,2023-06-05,5.0,19,2,33.9,casual,0,0.1094
C01104,Kenya,Nairobi,2023-09-22,27.49,16,18,30.2,casual,0,0.0872
C01105,Uganda,Kampala,2024-07-31,51.62,25,12,19.8,casual,0,0.0667
C01106,Nigeria,Kano,2024-07-11,84.76,15,8,20.5,delivery,0,0.0
C01107,Kenya,Nairobi,2023-03-24,60.01,15,9,36.3,delivery,0,0.0159
C01108,Kenya,Nakuru,2025-10-20,40.85,22,15,4.9,delivery,0,0.119
C01109,Kenya,Nairobi,2024-08-17,20.27,6,3,19.2,delivery,0,0.0156
C01110,Uganda,Kampala,2025-04-21,59.34,21,67,11.0,casual,1,0.3391
C01111,Nigeria,Port Harcourt,2023-07-13,45.63,2,44,32.6,logistics,0,0.3292
C01112,Rwanda,Butare,2023-06-26,38.67,18,12,33.2,logistics,0,0.0
C01113,Kenya,Mombasa,2023-05-06,45.41,18,2,34.9,logistics,0,0.0541
C01114,Rwanda,Kigali,2026-01-26,56.81,20,13,1.7,casual,1,0.1582
C01115,Kenya,Nairobi,2024-12-18,13.54,22,0,15.1,delivery,0,0.0322
C01116,Kenya,Nakuru,2024-09-14,50.77,4,0,18.3,delivery,1,0.1194
C01117,Kenya,Nairobi,2023-06-28,34.58,22,3,33.1,commuter,0,0.0
C01118,Kenya,Kisumu,2023-10-18,65.0,18,7,29.4,commuter,0,0.0185
C01119,Kenya,Nairobi,2024-11-21,29.51,24,24,16.0,logistics,0,0.1797
C01120,Nigeria,Kano,2024-08-18,41.66,8,15,19.2,delivery,0,0.1924
C01121,Uganda,Jinja,2024-01-20,25.13,24,16,26.2,commuter,0,0.1735
C01122,Nigeria,Port Harcourt,2026-03-10,39.35,16,6,0.2,commuter,0,0.0
C01123,Uganda,Entebbe,2025-01-26,73.63,14,5,13.8,casual,0,0.0637
C01124,Nigeria,Abuja,2023-03-29,64.74,28,5,36.1,logistics,0,0.0
C01125,Kenya,Kisumu,2024-11-17,78.31,5,52,16.2,casual,1,0.3251
C01126,Nigeria,Lagos,2023-09-21,18.01,8,0,30.3,casual,0,0.1068
C01127,Uganda,Jinja,2023-11-13,69.26,12,24,28.5,commuter,0,0.1126
C01128,Kenya,Nairobi,2026-02-14,56.41,15,10,1.0,casual,0,0.193
C01129,Kenya,Nakuru,2025-07-16,64.83,16,6,8.1,commuter,0,0.0448
C01130,Kenya,Nairobi,2023-08-24,41.6,27,15,31.2,logistics,0,0.1498
C01131,Kenya,Kisumu,2024-07-16,22.68,3,8,20.3,casual,0,0.0982
C01132,Kenya,Kisumu,2024-03-08,21.61,29,24,24.6,commuter,0,0.0314
C01133,Nigeria,Port Harcourt,2023-08-14,70.07,12,27,31.5,casual,0,0.1168
C01134,Rwanda,Kigali,2025-05-18,19.1,18,6,10.1,logistics,1,0.1144
C01135,Rwanda,Kigali,2025-11-08,44.7,15,3,4.3,commuter,0,0.012
C01136,Kenya,Mombasa,2025-10-04,71.05,29,10,5.5,logistics,0,0.0
C01137,Rwanda,Kigali,2024-05-26,20.77,17,29,22.0,casual,0,0.1648
C01138,Kenya,Kisumu,2024-04-17,62.78,22,2,23.3,logistics,0,0.0
C01139,Kenya,Nairobi,2024-01-09,32.42,14,11,26.6,casual,0,0.0834
C01140,Nigeria,Abuja,2025-05-14,44.44,7,11,10.2,logistics,0,0.129
C01141,Kenya,Mombasa,2025-01-28,69.28,5,15,13.8,delivery,0,0.1662
C01142,Uganda,Jinja,2024-12-17,74.01,2,1,15.2,delivery,0,0.2369
C01143,Uganda,Jinja,2025-05-17,30.3,23,15,10.1,commuter,0,0.0679
C01144,Nigeria,Kano,2025-03-14,47.77,15,28,12.3,casual,0,0.2918
C01145,Kenya,Kisumu,2024-09-07,45.34,9,2,18.5,casual,0,0.0815
C01146,Nigeria,Abuja,2023-04-08,12.03,10,3,35.8,delivery,0,0.0224
C01147,Kenya,Mombasa,2023-07-13,44.78,17,42,32.6,delivery,0,0.1818
C01148,Kenya,Nakuru,2023-08-12,21.7,16,2,31.6,logistics,0,0.0
C01149,Uganda,Kampala,2024-01-02,53.46,17,23,26.8,delivery,0,0.0674
C01150,Nigeria,Port Harcourt,2024-03-06,43.42,18,8,24.7,logistics,0,0.0676
C01151,Nigeria,Abuja,2026-01-18,34.99,12,3,1.9,casual,0,0.0585
C01152,Uganda,Jinja,2026-01-09,15.06,11,24,2.2,commuter,0,0.2449
C01153,Kenya,Nairobi,2024-04-21,63.56,25,7,23.2,casual,0,0.066
C01154,Kenya,Nairobi,2024-04-18,38.01,19,8,23.3,casual,0,0.015
C01155,Kenya,Mombasa,2024-11-01,50.29,19,5,16.7,commuter,0,0.1235
C01156,Kenya,Nakuru,2025-08-05,27.63,30,10,7.5,commuter,0,0.1294
C01157,Rwanda,Kigali,2024-10-01,82.54,15,2,17.7,casual,0,0.0643
C01158,Rwanda,Kigali,2025-06-01,67.06,27,5,9.6,commuter,0,0.0785
C01159,Nigeria,Lagos,2025-06-04,53.01,20,41,9.5,commuter,1,0.2084
C01160,Kenya,Nairobi,2025-07-31,89.7,26,3,7.6,casual,0,0.0385
C01161,Kenya,Nakuru,2023-05-11,37.6,10,12,34.7,delivery,0,0.0964
C01162,Nigeria,Lagos,2023-10-02,43.53,18,4,29.9,delivery,0,0.0402
C01163,Uganda,Jinja,2024-02-10,22.18,15,17,25.5,logistics,0,0.0752
C01164,Kenya,Mombasa,2024-10-07,73.66,16,1,17.5,casual,0,0.0421
C01165,Uganda,Kampala,2025-11-20,38.29,17,42,3.9,delivery,0,0.2536
C01166,Rwanda,Gisenyi,2024-05-10,5.0,11,7,22.5,casual,0,0.0
C01167,Rwanda,Butare,2025-04-16,64.17,18,3,11.2,commuter,1,0.1222
C01168,Nigeria,Port Harcourt,2024-10-31,48.97,27,0,16.7,logistics,0,0.0466
C01169,Rwanda,Kigali,2023-10-23,53.75,14,2,29.2,casual,0,0.0541
C01170,Uganda,Kampala,2023-10-20,46.08,23,8,29.3,casual,0,0.0974
C01171,Kenya,Kisumu,2023-05-29,33.96,5,4,34.1,delivery,0,0.0
C01172,Kenya,Nakuru,2026-01-14,37.17,23,21,2.1,casual,0,0.248
C01173,Nigeria,Abuja,2023-11-26,43.44,29,6,28.1,logistics,0,0.0
C01174,Kenya,Kisumu,2023-08-14,19.35,17,3,31.5,casual,0,0.0
C01175,Kenya,Kisumu,2024-02-18,51.38,10,11,25.3,delivery,0,0.0626
C01176,Kenya,Nairobi,2025-12-28,63.77,25,14,2.6,commuter,0,0.1115
C01177,Nigeria,Lagos,2023-06-08,39.56,1,2,33.8,casual,0,0.1749
C01178,Rwanda,Kigali,2025-10-03,50.33,25,2,5.5,delivery,0,0.0477
C01179,Nigeria,Lagos,2024-05-25,24.35,23,0,22.0,logistics,0,0.0756
C01180,Kenya,Nairobi,2025-05-18,29.17,4,15,10.1,delivery,0,0.0962
C01181,Kenya,Kisumu,2024-11-10,56.51,11,13,16.4,logistics,0,0.1529
C01182,Uganda,Entebbe,2024-12-16,39.45,23,7,15.2,commuter,0,0.04
C01183,Kenya,Nakuru,2023-08-03,41.63,23,22,31.9,logistics,0,0.0832
C01184,Uganda,Jinja,2023-07-13,21.72,3,19,32.6,casual,0,0.1441
C01185,Kenya,Nairobi,2025-08-20,32.98,14,10,7.0,delivery,0,0.1042
C01186,Nigeria,Lagos,2023-08-08,46.45,25,24,31.7,delivery,1,0.1318
C01187,Nigeria,Port Harcourt,2024-05-17,75.81,19,2,22.3,logistics,0,0.018
C01188,Nigeria,Abuja,2023-12-13,65.3,13,1,27.5,casual,0,0.0
C01189,Kenya,Kisumu,2025-04-24,44.96,17,3,10.9,logistics,1,0.1154
C01190,Kenya,Nakuru,2023-12-09,26.1,12,0,27.6,delivery,0,0.0254
C01191,Uganda,Jinja,2025-11-22,54.0,18,9,3.8,delivery,0,0.047
C01192,Kenya,Nakuru,2025-06-05,46.45,2,33,9.5,casual,0,0.3206
C01193,Kenya,Nairobi,2025-06-04,47.48,14,0,9.5,commuter,0,0.0456
C01194,Nigeria,Kano,2025-12-11,47.48,9,1,3.2,casual,1,0.1149
C01195,Kenya,Nakuru,2024-05-15,61.54,22,7,22.4,logistics,0,0.0
C01196,Rwanda,Butare,2025-10-22,25.4,23,32,4.9,delivery,0,0.2118
C01197,Nigeria,Lagos,2025-01-08,38.57,10,4,14.4,delivery,0,0.1319
C01198,Kenya,Mombasa,2024-08-05,96.16,13,8,19.6,delivery,0,0.0873
C01199,Nigeria,Abuja,2024-01-22,49.9,19,0,26.2,delivery,0,0.0
C01200,Kenya,Nakuru,2024-08-25,53.47,10,1,19.0,logistics,0,0.0465
C01201,Kenya,Kisumu,2023-04-02,41.81,24,51,36.0,commuter,1,0.1828
C01202,Kenya,Kisumu,2023-03-29,52.78,20,40,36.1,commuter,0,0.2236
C01203,Nigeria,Kano,2025-10-21,61.22,16,0,4.9,delivery,1,0.0524
C01204,Kenya,Kisumu,2025-01-24,52.66,18,36,13.9,delivery,0,0.1458
C01205,Nigeria,Abuja,2023-11-26,38.36,16,12,28.1,commuter,0,0.1109
C01206,Nigeria,Abuja,2025-08-30,60.72,21,24,6.6,logistics,1,0.2206
C01207,Kenya,Nakuru,2023-11-17,57.07,18,7,28.4,logistics,0,0.0245
C01208,Uganda,Jinja,2024-10-29,39.7,33,8,16.8,commuter,0,0.0386
C01209,Uganda,Kampala,2024-10-11,23.2,19,8,17.4,logistics,0,0.1462
C01210,Nigeria,Abuja,2025-07-02,35.63,14,13,8.6,delivery,1,0.2388
C01211,Rwanda,Butare,2023-12-21,22.81,18,1,27.2,casual,0,0.0
C01212,Nigeria,Port Harcourt,2025-09-23,44.4,13,0,5.8,delivery,0,0.0856
C01213,Nigeria,Lagos,2025-05-19,68.09,9,4,10.1,logistics,0,0.0067
C01214,Uganda,Entebbe,2023-04-06,52.8,16,14,35.9,commuter,0,0.0
C01215,Nigeria,Kano,2024-06-24,54.89,19,2,21.0,commuter,0,0.1068
C01216,Nigeria,Abuja,2023-04-13,17.48,23,13,35.6,logistics,0,0.0304
C01217,Nigeria,Kano,2025-01-03,25.34,33,42,14.6,logistics,1,0.2604
C01218,Kenya,Nairobi,2025-05-28,35.61,17,1,9.8,logistics,0,0.0449
C01219,Kenya,Nairobi,2025-09-09,5.0,13,13,6.3,casual,1,0.1414
C01220,Uganda,Entebbe,2025-04-07,14.14,25,7,11.5,casual,0,0.0168
C01221,Kenya,Kisumu,2025-07-23,52.24,27,24,7.9,casual,0,0.1939
C01222,Kenya,Nakuru,2023-09-06,30.96,22,2,30.8,delivery,0,0.0095
C01223,Kenya,Nakuru,2023-07-09,55.64,16,14,32.7,casual,0,0.044
C01224,Nigeria,Abuja,2023-11-19,60.2,20,21,28.3,casual,0,0.1036
C01225,Kenya,Mombasa,2025-03-12,40.24,5,34,12.3,commuter,1,0.2136
C01226,Rwanda,Gisenyi,2026-02-24,34.4,21,13,0.7,logistics,0,0.1206
C01227,Kenya,Nairobi,2023-06-19,45.65,17,8,33.4,commuter,0,0.0356
C01228,Kenya,Nakuru,2024-07-23,23.26,19,11,20.1,logistics,0,0.0
C01229,Kenya,Mombasa,2023-09-11,45.88,27,24,30.6,commuter,1,0.0924
C01230,Kenya,Kisumu,2025-08-17,67.41,30,10,7.1,commuter,0,0.1559
C01231,Uganda,Kampala,2024-07-27,47.59,25,0,19.9,casual,0,0.0
C01232,Nigeria,Lagos,2024-12-28,56.79,0,32,14.8,logistics,1,0.5768
C01233,Kenya,Kisumu,2024-02-09,75.03,29,14,25.6,delivery,0,0.1554
C01234,Nigeria,Kano,2025-01-24,26.54,9,13,13.9,logistics,0,0.0722
C01235,Nigeria,Kano,2024-04-19,40.11,21,2,23.2,commuter,0,0.0773
C01236,Rwanda,Kigali,2023-10-30,31.69,19,12,29.0,casual,0,0.0218
C01237,Rwanda,Butare,2024-09-14,48.49,15,6,18.3,logistics,0,0.0
C01238,Uganda,Kampala,2026-01-11,57.76,19,12,2.2,casual,0,0.0776
C01239,Nigeria,Port Harcourt,2024-04-15,24.45,12,1,23.4,casual,0,0.0984
C01240,Nigeria,Port Harcourt,2025-11-28,77.99,10,12,3.6,delivery,0,0.1222
C01241,Kenya,Nakuru,2025-01-24,14.28,16,89,13.9,logistics,1,0.4931
C01242,Kenya,Nairobi,2023-10-02,33.26,13,0,29.9,commuter,0,0.0386
C01243,Kenya,Kisumu,2025-04-26,22.53,28,45,10.8,casual,0,0.2636
C01244,Kenya,Mombasa,2024-04-19,35.3,22,6,23.2,delivery,0,0.0422
C01245,Kenya,Nairobi,2023-04-01,38.71,11,24,36.0,casual,0,0.1256
C01246,Rwanda,Kigali,2024-12-23,47.84,25,18,15.0,commuter,1,0.1228
C01247,Kenya,Nakuru,2026-03-01,51.73,22,10,0.5,logistics,0,0.1126
C01248,Nigeria,Kano,2025-02-28,15.13,9,16,12.7,commuter,1,0.1594
C01249,Kenya,Nairobi,2025-08-22,36.18,15,25,6.9,casual,0,0.2077
C01250,Nigeria,Kano,2025-10-14,60.29,25,6,5.1,casual,0,0.0524
C01251,Uganda,Entebbe,2026-01-26,66.54,17,4,1.7,commuter,0,0.1132
C01252,Kenya,Mombasa,2023-12-22,43.71,26,13,27.2,commuter,0,0.0
C01253,Rwanda,Butare,2023-06-11,19.08,19,19,33.7,logistics,0,0.031
C01254,Nigeria,Abuja,2024-01-13,54.89,18,17,26.5,logistics,0,0.1058
C01255,Kenya,Kisumu,2024-11-27,49.45,21,19,15.8,delivery,0,0.121
C01256,Nigeria,Lagos,2024-03-26,47.6,18,6,24.0,commuter,0,0.0553
C01257,Nigeria,Port Harcourt,2024-06-07,60.0,20,20,21.6,logistics,0,0.1152
C01258,Uganda,Jinja,2025-10-02,44.18,22,1,5.5,delivery,0,0.1355
C01259,Rwanda,Kigali,2024-08-09,26.25,31,9,19.5,commuter,0,0.0
C01260,Nigeria,Port Harcourt,2023-12-06,44.52,4,0,27.7,delivery,1,0.0675
C01261,Kenya,Nakuru,2025-10-24,67.22,23,4,4.8,delivery,0,0.108
C01262,Rwanda,Kigali,2023-10-18,41.18,26,5,29.4,logistics,0,0.0058
C01263,Nigeria,Abuja,2025-06-18,35.97,24,6,9.1,casual,0,0.1036
C01264,Kenya,Nairobi,2024-07-17,29.97,27,14,20.3,commuter,0,0.0611
C01265,Rwanda,Kigali,2023-05-15,46.59,12,5,34.6,casual,0,0.0699
C01266,Kenya,Kisumu,2023-05-02,21.22,21,7,35.0,logistics,0,0.0426
C01267,Kenya,Nairobi,2024-06-04,58.32,29,3,21.7,casual,0,0.0152
C01268,Nigeria,Abuja,2026-01-11,65.36,35,5,2.2,logistics,0,0.0308
C01269,Uganda,Entebbe,2026-01-26,23.95,23,3,1.7,logistics,0,0.0543
C01270,Kenya,Nakuru,2024-03-23,27.41,13,0,24.1,commuter,0,0.0101
C01271,Nigeria,Lagos,2025-12-08,44.24,13,11,3.3,logistics,0,0.1271
C01272,Kenya,Nakuru,2026-01-11,42.95,21,13,2.2,commuter,0,0.0989
C01273,Kenya,Nakuru,2024-12-22,20.84,6,11,15.0,casual,0,0.0998
C01274,Rwanda,Kigali,2025-04-24,46.67,16,7,10.9,casual,0,0.0888
C01275,Kenya,Nakuru,2024-01-24,59.92,23,5,26.1,delivery,0,0.0
C01276,Kenya,Nairobi,2025-08-16,32.75,30,23,7.1,logistics,1,0.1516
C01277,Rwanda,Butare,2023-04-18,47.83,23,8,35.5,logistics,0,0.0916
C01278,Nigeria,Lagos,2024-10-30,49.36,22,7,16.8,casual,1,0.0869
C01279,Uganda,Jinja,2024-12-13,53.51,32,0,15.3,casual,0,0.0263
C01280,Kenya,Kisumu,2024-11-04,50.48,21,5,16.6,casual,0,0.0869
C01281,Nigeria,Abuja,2025-01-15,63.84,16,5,14.2,delivery,0,0.1145
C01282,Kenya,Mombasa,2026-02-05,32.79,9,6,1.3,logistics,0,0.2474
C01283,Kenya,Nakuru,2025-02-24,64.37,15,10,12.9,logistics,0,0.0534
C01284,Nigeria,Lagos,2025-03-28,74.16,35,9,11.8,casual,0,0.0645
C01285,Nigeria,Lagos,2025-01-25,74.01,21,11,13.9,casual,0,0.1141
C01286,Kenya,Mombasa,2025-09-28,70.69,36,17,5.7,commuter,0,0.0907
C01287,Kenya,Kisumu,2023-05-09,83.15,20,20,34.8,casual,0,0.0
C01288,Nigeria,Kano,2026-01-11,44.53,13,15,2.2,logistics,0,0.1976
C01289,Kenya,Mombasa,2023-03-17,28.18,20,37,36.5,logistics,0,0.1244
C01290,Rwanda,Gisenyi,2024-08-20,41.51,14,0,19.1,commuter,0,0.0
C01291,Uganda,Kampala,2025-03-30,47.77,19,2,11.7,commuter,0,0.0687
C01292,Nigeria,Lagos,2025-11-03,41.53,11,0,4.5,casual,0,0.0
C01293,Nigeria,Lagos,2023-10-23,51.8,25,12,29.2,casual,0,0.1372
C01294,Uganda,Jinja,2024-09-21,78.22,15,27,18.1,logistics,1,0.081
C01295,Rwanda,Gisenyi,2025-01-19,37.24,32,3,14.1,casual,0,0.0294
C01296,Nigeria,Lagos,2024-08-12,79.23,24,31,19.4,delivery,1,0.1367
C01297,Rwanda,Gisenyi,2024-02-08,55.38,9,0,25.6,delivery,0,0.0
C01298,Nigeria,Port Harcourt,2024-04-17,84.17,22,32,23.3,casual,0,0.23
C01299,Kenya,Nakuru,2024-07-28,56.01,17,5,19.9,commuter,0,0.0917
C01300,Rwanda,Kigali,2023-06-20,32.7,8,1,33.4,logistics,0,0.0049
C01301,Rwanda,Kigali,2025-06-11,56.53,17,7,9.3,delivery,0,0.1261
C01302,Kenya,Nairobi,2025-04-05,55.68,17,3,11.5,casual,0,0.0503
C01303,Nigeria,Kano,2024-09-21,55.16,27,4,18.1,casual,0,0.0399
C01304,Rwanda,Gisenyi,2024-08-15,56.63,21,4,19.3,commuter,0,0.0412
C01305,Nigeria,Lagos,2025-07-09,76.59,28,19,8.4,delivery,0,0.1554
C01306,Kenya,Nakuru,2025-05-09,51.94,27,9,10.4,commuter,0,0.0
C01307,Nigeria,Lagos,2023-11-17,27.2,22,4,28.4,logistics,0,0.0
C01308,Nigeria,Port Harcourt,2024-11-04,36.22,20,11,16.6,delivery,1,0.0486
C01309,Nigeria,Lagos,2023-04-09,57.22,22,15,35.8,commuter,0,0.0
C01310,Kenya,Kisumu,2025-04-05,93.01,22,3,11.5,commuter,1,0.0358
C01311,Nigeria,Abuja,2024-05-13,48.6,25,6,22.4,commuter,0,0.0429
C01312,Rwanda,Kigali,2024-06-06,42.38,17,1,21.6,logistics,0,0.0741
C01313,Rwanda,Gisenyi,2025-10-23,36.82,29,2,4.8,delivery,0,0.0
C01314,Kenya,Mombasa,2024-02-03,45.57,12,13,25.8,casual,0,0.0
C01315,Kenya,Kisumu,2023-11-10,51.18,22,2,28.6,logistics,0,0.0
C01316,Rwanda,Gisenyi,2024-07-11,26.11,23,8,20.5,logistics,0,0.0806
C01317,Kenya,Nairobi,2024-02-09,9.12,23,14,25.6,logistics,0,0.1025
C01318,Kenya,Nairobi,2025-11-26,41.42,21,1,3.7,logistics,0,0.1028
C01319,Kenya,Mombasa,2024-02-12,35.42,12,10,25.5,commuter,0,0.0647
C01320,Rwanda,Kigali,2024-05-15,35.96,6,3,22.4,commuter,0,0.0792
C01321,Kenya,Mombasa,2023-04-04,36.73,17,39,35.9,commuter,0,0.1554
C01322,Nigeria,Port Harcourt,2025-01-28,69.25,15,7,13.8,delivery,0,0.0231
C01323,Kenya,Nakuru,2025-04-15,5.0,18,19,11.2,logistics,0,0.1123
C01324,Nigeria,Abuja,2023-07-18,49.4,13,9,32.4,commuter,0,0.0146
C01325,Uganda,Entebbe,2024-07-31,76.94,31,0,19.8,logistics,0,0.0676
C01326,Nigeria,Lagos,2023-08-07,50.12,5,12,31.8,logistics,0,0.1061
C01327,Kenya,Kisumu,2023-05-13,26.4,23,36,34.6,casual,0,0.1239
C01328,Nigeria,Lagos,2024-08-16,67.85,27,11,19.3,delivery,0,0.0
C01329,Kenya,Nairobi,2024-08-29,81.78,35,20,18.8,commuter,0,0.1605
C01330,Kenya,Kisumu,2024-01-23,22.9,22,25,26.1,commuter,1,0.063
C01331,Kenya,Nairobi,2025-10-22,78.49,29,3,4.9,casual,0,0.1046
C01332,Kenya,Mombasa,2024-11-13,52.31,26,2,16.3,logistics,0,0.0
C01333,Uganda,Jinja,2023-09-28,80.63,6,11,30.0,delivery,0,0.0322
C01334,Nigeria,Port Harcourt,2025-11-14,55.15,24,6,4.1,delivery,0,0.0781
C01335,Kenya,Kisumu,2023-10-12,40.96,12,21,29.6,delivery,0,0.1227
C01336,Nigeria,Lagos,2025-03-06,33.48,20,27,12.5,delivery,1,0.1661
C01337,Nigeria,Port Harcourt,2024-05-14,48.22,21,5,22.4,logistics,0,0.0481
C01338,Rwanda,Butare,2023-04-22,68.25,15,3,35.3,commuter,0,0.0
C01339,Uganda,Kampala,2024-03-20,60.39,15,18,24.2,casual,0,0.0312
C01340,Kenya,Kisumu,2025-10-06,52.38,9,3,5.4,commuter,0,0.1254
C01341,Kenya,Nairobi,2024-12-20,44.58,13,20,15.1,casual,1,0.162
C01342,Kenya,Nairobi,2024-03-29,37.85,21,6,23.9,delivery,0,0.0224
C01343,Kenya,Nakuru,2024-05-26,39.06,18,13,22.0,casual,0,0.0717
C01344,Kenya,Mombasa,2024-03-06,53.08,10,1,24.7,casual,0,0.0613
C01345,Nigeria,Lagos,2025-12-18,34.12,9,11,3.0,commuter,1,0.1708
C01346,Nigeria,Abuja,2024-05-10,41.77,21,7,22.5,casual,0,0.0499
C01347,Kenya,Nairobi,2024-03-08,51.31,31,10,24.6,delivery,0,0.0231
C01348,Kenya,Kisumu,2025-03-11,25.35,16,2,12.4,delivery,1,0.0095
C01349,Nigeria,Port Harcourt,2023-05-15,42.59,4,16,34.6,delivery,0,0.1024
C01350,Kenya,Nakuru,2024-09-01,34.83,19,23,18.7,logistics,0,0.1392
C01351,Kenya,Kisumu,2023-09-14,53.09,15,2,30.5,casual,0,0.0007
C01352,Nigeria,Port Harcourt,2024-11-16,42.49,24,1,16.2,commuter,0,0.0
C01353,Nigeria,Kano,2025-03-11,56.23,11,0,12.4,logistics,0,0.063
C01354,Rwanda,Butare,2025-07-23,53.8,7,12,7.9,logistics,0,0.162
C01355,Nigeria,Kano,2024-12-18,43.04,19,11,15.1,casual,0,0.0357
C01356,Kenya,Nairobi,2024-07-06,67.64,22,9,20.6,delivery,0,0.0962
C01357,Kenya,Nairobi,2025-09-29,46.05,29,3,5.6,delivery,0,0.1092
C01358,Uganda,Entebbe,2023-07-21,42.16,6,5,32.3,casual,0,0.0
C01359,Uganda,Jinja,2025-06-12,62.96,32,10,9.3,logistics,0,0.0603
C01360,Kenya,Nairobi,2026-01-14,58.13,8,8,2.1,commuter,0,0.0914
C01361,Nigeria,Port Harcourt,2024-08-08,15.84,13,52,19.5,delivery,1,0.2705
C01362,Nigeria,Abuja,2026-02-05,52.13,12,1,1.3,delivery,0,0.0761
C01363,Kenya,Kisumu,2023-06-15,58.82,20,14,33.5,commuter,0,0.0124
C01364,Kenya,Kisumu,2025-12-24,48.6,25,6,2.8,commuter,0,0.0892
C01365,Kenya,Kisumu,2024-09-17,67.84,10,6,18.2,commuter,0,0.0
C01366,Rwanda,Kigali,2024-10-20,44.43,23,15,17.1,commuter,0,0.0933
C01367,Kenya,Nairobi,2023-10-30,28.39,19,14,29.0,commuter,0,0.0865
C01368,Uganda,Entebbe,2024-08-16,21.28,14,56,19.3,logistics,0,0.2855
C01369,Rwanda,Kigali,2025-07-24,40.11,14,1,7.9,commuter,0,0.1016
C01370,Kenya,Nakuru,2024-03-07,62.23,11,1,24.7,casual,0,0.006
C01371,Kenya,Nakuru,2024-10-09,37.67,10,15,17.5,casual,0,0.0942
C01372,Nigeria,Port Harcourt,2024-04-16,29.45,3,10,23.3,casual,1,0.1618
C01373,Kenya,Mombasa,2025-01-20,33.55,14,3,14.0,logistics,0,0.0555
C01374,Kenya,Nakuru,2024-04-09,66.54,25,0,23.6,casual,0,0.0529
C01375,Rwanda,Kigali,2025-01-06,76.9,22,1,14.5,logistics,0,0.0056
C01376,Nigeria,Kano,2025-08-13,31.89,20,26,7.2,commuter,0,0.1599
C01377,Rwanda,Gisenyi,2024-12-17,63.24,27,2,15.2,delivery,0,0.0
C01378,Kenya,Kisumu,2025-05-06,45.38,15,4,10.5,delivery,0,0.0
C01379,Kenya,Nairobi,2024-02-13,66.21,30,3,25.4,commuter,0,0.0
C01380,Rwanda,Butare,2026-01-11,43.31,6,5,2.2,casual,0,0.1985
C01381,Uganda,Kampala,2024-02-18,57.34,11,0,25.3,commuter,0,0.0461
C01382,Nigeria,Lagos,2024-08-02,20.49,23,8,19.7,delivery,0,0.1366
C01383,Nigeria,Abuja,2023-10-21,30.27,19,0,29.3,logistics,0,0.0
C01384,Kenya,Nairobi,2025-08-01,5.46,5,19,7.6,logistics,1,0.2111
C01385,Nigeria,Port Harcourt,2024-05-21,60.25,18,3,22.2,commuter,0,0.0
C01386,Uganda,Entebbe,2025-12-24,14.9,26,9,2.8,logistics,0,0.0891
C01387,Kenya,Mombasa,2025-04-30,22.81,29,25,10.7,casual,0,0.1123
C01388,Nigeria,Abuja,2023-12-06,44.66,14,12,27.7,logistics,0,0.021
C01389,Nigeria,Abuja,2024-04-11,39.59,30,9,23.5,casual,0,0.0263
C01390,Kenya,Nakuru,2025-03-29,62.03,15,4,11.8,logistics,0,0.0429
C01391,Kenya,Kisumu,2023-09-18,24.87,13,4,30.4,commuter,0,0.0
C01392,Uganda,Kampala,2024-05-30,27.85,19,13,21.9,casual,0,0.1477
C01393,Kenya,Mombasa,2023-12-14,77.5,17,61,27.5,delivery,0,0.2969
C01394,Rwanda,Butare,2025-05-03,31.85,18,13,10.6,logistics,0,0.0544
C01395,Kenya,Nairobi,2026-02-22,28.73,20,9,0.8,commuter,0,0.1036
C01396,Nigeria,Port Harcourt,2024-06-21,41.77,25,15,21.1,delivery,0,0.1346
C01397,Kenya,Nakuru,2024-06-11,39.44,13,7,21.5,delivery,0,0.0513
C01398,Kenya,Nairobi,2026-01-22,25.82,11,0,1.8,delivery,0,0.0244
C01399,Uganda,Entebbe,2023-12-05,48.56,9,9,27.8,casual,0,0.0879
C01400,Kenya,Mombasa,2025-04-27,32.64,11,37,10.8,delivery,0,0.2141
C01401,Rwanda,Butare,2025-07-17,29.3,21,2,8.1,logistics,0,0.0739
C01402,Kenya,Nakuru,2025-07-01,48.13,19,14,8.6,delivery,0,0.1833
C01403,Rwanda,Butare,2023-12-02,57.1,16,2,27.9,logistics,0,0.0007
C01404,Kenya,Mombasa,2025-01-12,38.54,28,9,14.3,casual,0,0.0
C01405,Nigeria,Lagos,2025-07-08,8.28,10,1,8.4,casual,1,0.1405
C01406,Kenya,Kisumu,2024-12-11,42.52,20,7,15.4,logistics,0,0.05
C01407,Uganda,Jinja,2025-10-15,50.5,17,16,5.1,commuter,0,0.0476
C01408,Kenya,Nairobi,2025-01-29,46.32,27,5,13.7,commuter,0,0.0302
C01409,Uganda,Entebbe,2024-01-31,58.5,16,13,25.9,logistics,0,0.0797
C01410,Nigeria,Kano,2026-01-06,46.26,21,19,2.3,commuter,0,0.0564
C01411,Kenya,Mombasa,2024-12-04,10.11,15,31,15.6,commuter,0,0.1527
C01412,Kenya,Nakuru,2025-06-07,18.19,16,3,9.4,delivery,0,0.0124
C01413,Kenya,Nairobi,2025-11-02,85.89,6,6,4.5,commuter,0,0.1025
C01414,Kenya,Nairobi,2025-04-14,53.72,14,1,11.2,commuter,0,0.0315
C01415,Uganda,Kampala,2023-07-05,54.55,14,58,32.9,logistics,0,0.2914
C01416,Kenya,Kisumu,2025-11-25,47.15,6,31,3.7,delivery,0,0.1887
C01417,Nigeria,Port Harcourt,2024-03-01,30.56,9,9,24.9,logistics,0,0.1706
C01418,Uganda,Kampala,2025-03-26,64.62,12,22,11.9,logistics,0,0.1726
C01419,Uganda,Kampala,2023-05-19,31.0,17,8,34.4,casual,0,0.0
C01420,Rwanda,Gisenyi,2026-01-10,24.84,15,11,2.2,delivery,0,0.1256
C01421,Kenya,Mombasa,2025-08-16,65.74,26,1,7.1,casual,0,0.0533
C01422,Nigeria,Port Harcourt,2026-02-21,40.27,19,16,0.8,logistics,0,0.1448
C01423,Kenya,Nakuru,2024-04-02,30.48,35,1,23.8,commuter,0,0.0914
C01424,Uganda,Entebbe,2023-10-10,57.95,13,20,29.6,casual,0,0.1085
C01425,Nigeria,Kano,2024-06-03,74.95,20,18,21.7,logistics,0,0.2
C01426,Uganda,Entebbe,2025-11-09,29.82,21,14,4.3,logistics,0,0.0642
C01427,Rwanda,Gisenyi,2023-03-23,27.6,21,0,36.3,commuter,0,0.0
C01428,Nigeria,Kano,2026-02-08,15.9,28,4,1.2,logistics,0,0.0
C01429,Kenya,Nakuru,2024-08-24,5.0,22,3,19.0,logistics,0,0.0377
C01430,Kenya,Mombasa,2024-12-25,84.19,19,5,14.9,commuter,0,0.0121
C01431,Nigeria,Kano,2025-10-29,43.39,23,1,4.6,logistics,0,0.0096
C01432,Nigeria,Kano,2025-10-28,19.63,25,33,4.7,commuter,0,0.1343
C01433,Nigeria,Port Harcourt,2025-10-17,61.51,20,9,5.0,commuter,0,0.0587
C01434,Kenya,Kisumu,2023-08-01,27.52,25,4,32.0,logistics,0,0.0
C01435,Kenya,Nakuru,2024-01-21,62.7,25,6,26.2,commuter,1,0.0645
C01436,Nigeria,Abuja,2024-12-06,64.91,12,7,15.5,commuter,0,0.0
C01437,Nigeria,Abuja,2025-07-06,71.45,22,11,8.5,logistics,0,0.0967
C01438,Nigeria,Lagos,2023-10-17,58.87,13,8,29.4,casual,0,0.0095
C01439,Kenya,Nairobi,2025-03-28,46.31,24,30,11.8,casual,0,0.119
C01440,Uganda,Kampala,2026-01-04,69.21,27,8,2.4,casual,0,0.1082
C01441,Uganda,Entebbe,2025-04-25,5.0,21,58,10.9,delivery,1,0.3067
C01442,Uganda,Kampala,2024-04-05,37.62,22,22,23.7,logistics,0,0.1329
C01443,Uganda,Entebbe,2026-01-17,47.25,16,2,2.0,commuter,0,0.0708
C01444,Uganda,Kampala,2024-08-27,27.56,0,32,18.9,casual,0,0.4876
C01445,Nigeria,Lagos,2024-06-12,57.69,11,1,21.4,casual,0,0.0824
C01446,Kenya,Mombasa,2023-06-12,51.46,21,20,33.6,delivery,0,0.039
C01447,Rwanda,Butare,2023-08-09,46.87,24,5,31.7,casual,0,0.0786
C01448,Kenya,Kisumu,2024-11-13,40.23,15,25,16.3,casual,0,0.1473
C01449,Nigeria,Port Harcourt,2025-01-14,47.94,13,24,14.2,delivery,0,0.2281
C01450,Rwanda,Butare,2024-02-29,5.0,13,19,24.9,logistics,0,0.0386
C01451,Kenya,Nairobi,2023-12-21,61.4,22,18,27.2,delivery,0,0.1469
C01452,Uganda,Entebbe,2023-05-12,42.52,22,4,34.7,casual,0,0.0
C01453,Rwanda,Kigali,2023-11-20,68.26,8,1,28.3,casual,0,0.0508
C01454,Uganda,Entebbe,2024-08-27,46.63,26,6,18.9,logistics,0,0.0978
C01455,Kenya,Kisumu,2024-07-07,24.08,13,2,20.6,logistics,0,0.0466
C01456,Uganda,Entebbe,2025-11-28,44.8,10,14,3.6,casual,0,0.0861
C01457,Rwanda,Gisenyi,2025-12-07,57.46,29,5,3.3,commuter,1,0.1807
C01458,Nigeria,Kano,2025-12-31,23.79,14,44,2.5,delivery,0,0.2408
C01459,Nigeria,Kano,2025-03-16,52.64,17,12,12.2,casual,0,0.0849
C01460,Kenya,Nakuru,2023-04-15,60.72,16,20,35.6,delivery,0,0.1032
C01461,Nigeria,Kano,2024-03-15,22.84,14,1,24.4,logistics,0,0.0471
C01462,Nigeria,Abuja,2025-09-12,53.62,22,23,6.2,commuter,0,0.138
C01463,Uganda,Jinja,2023-10-02,43.55,21,30,29.9,commuter,0,0.0787
C01464,Uganda,Jinja,2026-03-11,38.09,14,8,0.2,commuter,0,0.1083
C01465,Kenya,Kisumu,2024-08-11,66.87,15,11,19.4,logistics,0,0.0692
C01466,Uganda,Jinja,2024-04-26,23.3,14,17,23.0,casual,0,0.0049
C01467,Nigeria,Lagos,2024-10-29,82.41,1,2,16.8,commuter,0,0.2105
C01468,Rwanda,Kigali,2026-02-25,36.1,17,8,0.7,logistics,0,0.0663
C01469,Nigeria,Lagos,2025-10-19,40.8,12,6,5.0,logistics,0,0.1444
C01470,Kenya,Nairobi,2025-07-28,36.26,27,1,7.7,casual,0,0.0258
C01471,Uganda,Kampala,2024-11-30,38.45,13,5,15.7,logistics,0,0.1131
C01472,Kenya,Nairobi,2023-08-31,71.88,31,0,31.0,commuter,0,0.0
C01473,Nigeria,Port Harcourt,2023-07-06,33.49,16,0,32.8,casual,0,0.005
C01474,Nigeria,Abuja,2023-06-01,61.85,13,1,34.0,delivery,0,0.0
C01475,Uganda,Kampala,2025-01-19,63.91,11,39,14.1,casual,0,0.1689
C01476,Kenya,Mombasa,2024-03-31,46.56,29,9,23.9,logistics,0,0.109
C01477,Nigeria,Port Harcourt,2025-04-11,32.9,27,40,11.3,commuter,0,0.2745
C01478,Kenya,Nakuru,2024-11-23,58.39,15,6,16.0,casual,0,0.0
C01479,Nigeria,Abuja,2025-10-21,58.98,19,4,4.9,logistics,0,0.0976
C01480,Kenya,Kisumu,2026-01-09,79.28,7,8,2.2,logistics,0,0.182
C01481,Uganda,Entebbe,2024-05-06,32.4,18,6,22.7,delivery,0,0.0281
C01482,Nigeria,Abuja,2025-04-16,40.84,6,1,11.2,logistics,0,0.0616
C01483,Kenya,Nairobi,2025-03-09,48.54,18,12,12.4,logistics,0,0.0334
C01484,Rwanda,Gisenyi,2023-12-21,66.57,20,2,27.2,delivery,0,0.0096
C01485,Uganda,Jinja,2024-08-24,22.32,25,11,19.0,casual,0,0.0602
C01486,Kenya,Mombasa,2023-06-06,55.34,20,12,33.8,commuter,1,0.0301
C01487,Nigeria,Port Harcourt,2024-06-11,59.17,19,1,21.5,commuter,0,0.0852
C01488,Kenya,Nairobi,2024-09-08,48.86,21,0,18.5,logistics,0,0.0
C01489,Uganda,Kampala,2025-08-10,70.76,23,18,7.3,delivery,1,0.1404
C01490,Kenya,Nakuru,2023-10-23,26.41,21,7,29.2,logistics,0,0.0861
C01491,Nigeria,Lagos,2025-11-25,38.58,25,0,3.7,casual,0,0.1619
C01492,Kenya,Nairobi,2025-02-19,72.84,19,63,13.0,logistics,1,0.3991
C01493,Uganda,Jinja,2026-02-10,27.34,18,0,1.2,commuter,0,0.1484
C01494,Nigeria,Lagos,2023-09-15,43.75,14,14,30.5,commuter,0,0.0839
C01495,Nigeria,Kano,2024-07-07,60.71,26,49,20.6,casual,1,0.3081
C01496,Nigeria,Lagos,2025-03-21,56.58,24,3,12.0,delivery,0,0.1013
C01497,Kenya,Nakuru,2025-01-06,44.8,24,1,14.5,casual,0,0.0157
C01498,Uganda,Entebbe,2024-06-23,53.76,14,1,21.1,casual,0,0.0
C01499,Kenya,Mombasa,2026-02-07,32.67,28,4,1.3,commuter,0,0.0
C01500,Uganda,Entebbe,2025-09-03,41.78,16,1,6.5,delivery,0,0.0144
